time_of_day,day_of_week,transit_line,weather,Delay_Minutes,Crowding_Level,Crowding_Pct
late_night,sunday,central,heavy_monsoon,11,Low,20
afternoon,wednesday,harbour,light_rain,7,Moderate,45
evening_peak,tuesday,western,heavy_monsoon,24,Extreme,100
late_night,saturday,central,heavy_monsoon,14,Minimal,9
mid_morning,monday,central,heavy_monsoon,18,Moderate,57
evening_peak,tuesday,harbour,heavy_monsoon,22,Extreme,100
evening_peak,friday,harbour,heavy_monsoon,22,Extreme,100
late_night,thursday,harbour,light_rain,3,Minimal,15
morning_peak,friday,harbour,heavy_monsoon,23,Extreme,100
mid_morning,thursday,harbour,clear,5,Low,27
late_night,friday,harbour,light_rain,9,Low,20
mid_morning,wednesday,western,light_rain,9,Low,31
mid_morning,tuesday,central,light_rain,9,Moderate,45
evening_peak,thursday,western,heavy_monsoon,28,Extreme,100
afternoon,monday,western,clear,1,Low,31
mid_morning,tuesday,harbour,heavy_monsoon,13,Moderate,48
night,monday,central,light_rain,8,Low,31
evening_peak,tuesday,western,light_rain,16,Extreme,100
morning_peak,tuesday,harbour,light_rain,12,Extreme,100
afternoon,friday,harbour,light_rain,4,Moderate,46
night,thursday,central,heavy_monsoon,13,Moderate,54
night,thursday,western,clear,5,Moderate,44
morning_peak,sunday,western,clear,7,Moderate,51
afternoon,tuesday,western,light_rain,7,Low,34
evening_peak,wednesday,harbour,clear,7,Extreme,99
early_morning,wednesday,central,light_rain,7,Low,24
afternoon,monday,central,light_rain,7,Low,29
morning_peak,monday,western,clear,12,High,79
night,friday,harbour,light_rain,6,Low,22
evening_peak,tuesday,western,clear,13,Extreme,100
afternoon,monday,central,light_rain,7,Low,22
early_morning,monday,harbour,clear,2,Low,26
early_morning,saturday,western,light_rain,7,Minimal,13
mid_morning,tuesday,western,clear,2,Moderate,47
mid_morning,friday,harbour,light_rain,8,Moderate,46
late_night,monday,central,light_rain,8,Low,21
morning_peak,friday,harbour,light_rain,16,High,83
afternoon,thursday,western,clear,2,Low,23
afternoon,friday,western,heavy_monsoon,16,Moderate,59
late_night,wednesday,western,light_rain,4,Minimal,11
night,wednesday,western,light_rain,7,Low,31
night,friday,central,clear,0,Low,27
late_night,wednesday,central,light_rain,4,Minimal,13
night,thursday,western,light_rain,9,Low,26
mid_morning,tuesday,central,light_rain,7,Low,33
afternoon,wednesday,central,light_rain,9,Low,32
late_night,wednesday,central,heavy_monsoon,15,Low,23
afternoon,friday,western,heavy_monsoon,19,Moderate,50
early_morning,thursday,harbour,light_rain,2,Low,28
mid_morning,sunday,harbour,light_rain,9,Low,25
evening_peak,sunday,harbour,light_rain,9,Moderate,51
mid_morning,sunday,western,heavy_monsoon,15,Low,34
late_night,sunday,central,heavy_monsoon,16,Low,21
evening_peak,tuesday,central,clear,19,Extreme,100
early_morning,friday,western,clear,1,Minimal,11
late_night,friday,western,light_rain,8,Low,23
morning_peak,saturday,harbour,light_rain,4,Moderate,50
afternoon,thursday,harbour,heavy_monsoon,15,Moderate,45
early_morning,sunday,western,light_rain,2,Minimal,9
afternoon,tuesday,harbour,light_rain,5,Low,27
night,thursday,central,heavy_monsoon,18,Moderate,43
morning_peak,sunday,western,heavy_monsoon,17,Moderate,48
morning_peak,tuesday,western,heavy_monsoon,23,Extreme,100
early_morning,thursday,central,heavy_monsoon,14,Low,26
morning_peak,friday,central,clear,14,Extreme,100
evening_peak,friday,central,heavy_monsoon,24,Extreme,100
morning_peak,monday,harbour,heavy_monsoon,18,Extreme,100
afternoon,wednesday,western,light_rain,10,Low,34
afternoon,sunday,harbour,light_rain,7,Low,28
late_night,saturday,central,light_rain,1,Minimal,13
afternoon,thursday,harbour,clear,6,Low,27
late_night,saturday,central,heavy_monsoon,13,Minimal,7
afternoon,monday,harbour,heavy_monsoon,17,Low,29
evening_peak,wednesday,harbour,clear,11,Extreme,99
late_night,thursday,central,heavy_monsoon,17,Low,27
mid_morning,tuesday,harbour,light_rain,9,Moderate,44
night,sunday,western,clear,0,Minimal,2
early_morning,wednesday,harbour,heavy_monsoon,17,Moderate,42
afternoon,friday,harbour,clear,5,Low,30
morning_peak,monday,western,clear,13,Extreme,98
afternoon,wednesday,central,heavy_monsoon,19,Moderate,44
morning_peak,sunday,western,light_rain,8,High,70
night,wednesday,harbour,heavy_monsoon,15,Low,25
night,sunday,central,heavy_monsoon,14,Minimal,15
night,friday,harbour,light_rain,6,Low,23
morning_peak,thursday,harbour,heavy_monsoon,20,Extreme,100
afternoon,tuesday,western,heavy_monsoon,17,Moderate,46
night,friday,western,heavy_monsoon,16,Moderate,53
evening_peak,tuesday,central,clear,13,Extreme,100
late_night,thursday,central,clear,0,Minimal,9
morning_peak,wednesday,central,clear,15,High,81
morning_peak,tuesday,harbour,heavy_monsoon,17,Extreme,100
afternoon,monday,western,light_rain,11,Low,33
morning_peak,monday,western,clear,13,Extreme,100
morning_peak,sunday,western,light_rain,14,Moderate,45
night,friday,central,heavy_monsoon,15,Low,33
afternoon,thursday,western,clear,6,Minimal,14
night,sunday,western,heavy_monsoon,15,Low,25
late_night,friday,western,light_rain,4,Low,20
late_night,friday,central,clear,4,Minimal,14
night,sunday,western,clear,2,Minimal,11
late_night,saturday,central,clear,2,Minimal,10
afternoon,friday,western,clear,5,Low,32
early_morning,saturday,western,light_rain,6,Low,25
night,monday,western,clear,2,Low,30
evening_peak,monday,central,heavy_monsoon,33,Extreme,100
evening_peak,friday,central,clear,15,Extreme,100
morning_peak,monday,western,light_rain,16,High,80
late_night,thursday,harbour,clear,1,Minimal,9
evening_peak,saturday,central,light_rain,11,Moderate,54
morning_peak,saturday,central,light_rain,10,Moderate,56
early_morning,friday,western,heavy_monsoon,16,Moderate,48
afternoon,monday,harbour,clear,5,Low,23
afternoon,tuesday,western,clear,4,Low,27
afternoon,sunday,central,clear,4,Low,21
evening_peak,sunday,central,heavy_monsoon,21,High,66
early_morning,saturday,western,heavy_monsoon,14,Low,27
evening_peak,friday,western,light_rain,14,Extreme,100
late_night,friday,harbour,light_rain,6,Minimal,15
evening_peak,thursday,harbour,light_rain,15,Extreme,99
early_morning,wednesday,central,heavy_monsoon,16,Low,32
early_morning,wednesday,harbour,heavy_monsoon,11,Low,31
late_night,saturday,harbour,heavy_monsoon,15,Low,29
early_morning,sunday,central,light_rain,7,Minimal,11
early_morning,thursday,central,heavy_monsoon,18,Moderate,43
afternoon,thursday,central,light_rain,8,Low,31
late_night,thursday,central,light_rain,5,Minimal,10
mid_morning,saturday,western,clear,2,Low,21
mid_morning,wednesday,central,clear,9,Low,33
early_morning,sunday,central,clear,5,Minimal,11
mid_morning,thursday,central,light_rain,12,Moderate,43
mid_morning,sunday,harbour,clear,6,Low,22
early_morning,monday,central,clear,3,Minimal,13
mid_morning,friday,western,clear,5,Low,30
evening_peak,friday,western,heavy_monsoon,26,Extreme,100
morning_peak,sunday,central,light_rain,11,Moderate,49
late_night,tuesday,western,clear,3,Minimal,13
morning_peak,tuesday,harbour,heavy_monsoon,19,Extreme,100
early_morning,saturday,central,heavy_monsoon,11,Low,31
afternoon,saturday,western,heavy_monsoon,17,Low,21
late_night,friday,western,clear,0,Minimal,9
early_morning,monday,central,heavy_monsoon,16,Low,28
afternoon,wednesday,western,light_rain,5,Moderate,43
morning_peak,wednesday,central,heavy_monsoon,30,Extreme,100
early_morning,saturday,western,heavy_monsoon,13,Low,21
late_night,monday,harbour,heavy_monsoon,11,Low,22
late_night,saturday,western,heavy_monsoon,15,Minimal,7
night,wednesday,western,light_rain,7,Low,27
evening_peak,sunday,central,clear,9,Moderate,54
mid_morning,saturday,western,light_rain,6,Low,21
afternoon,thursday,central,light_rain,8,Moderate,48
night,sunday,harbour,clear,4,Low,26
mid_morning,saturday,central,heavy_monsoon,15,Low,28
mid_morning,friday,central,clear,8,Moderate,45
early_morning,saturday,western,clear,3,Minimal,11
mid_morning,friday,harbour,light_rain,9,Moderate,55
evening_peak,monday,central,clear,18,Extreme,100
late_night,wednesday,western,heavy_monsoon,10,Low,26
night,sunday,western,light_rain,3,Low,22
mid_morning,sunday,central,heavy_monsoon,11,Moderate,46
early_morning,tuesday,western,light_rain,4,Minimal,15
evening_peak,tuesday,central,heavy_monsoon,28,Extreme,100
morning_peak,wednesday,central,clear,18,Extreme,100
late_night,tuesday,central,clear,2,Minimal,14
late_night,sunday,harbour,clear,0,Minimal,3
night,saturday,central,heavy_monsoon,16,Low,32
late_night,monday,western,light_rain,4,Minimal,12
mid_morning,monday,harbour,light_rain,8,Moderate,43
early_morning,wednesday,western,light_rain,9,Minimal,15
late_night,tuesday,harbour,clear,0,Low,21
late_night,saturday,harbour,heavy_monsoon,13,Low,29
morning_peak,monday,harbour,light_rain,11,Extreme,100
morning_peak,monday,harbour,heavy_monsoon,22,Extreme,100
afternoon,thursday,western,light_rain,6,Low,26
evening_peak,thursday,central,clear,13,Extreme,100
mid_morning,sunday,western,heavy_monsoon,13,Minimal,15
late_night,monday,central,light_rain,7,Low,21
late_night,wednesday,western,light_rain,6,Minimal,9
early_morning,friday,harbour,light_rain,9,Low,23
afternoon,friday,harbour,light_rain,5,Moderate,42
evening_peak,saturday,central,clear,9,Low,29
afternoon,monday,central,light_rain,9,Low,34
night,monday,western,light_rain,6,Low,21
evening_peak,sunday,central,clear,6,Moderate,53
late_night,monday,western,light_rain,7,Minimal,12
late_night,wednesday,central,heavy_monsoon,15,Low,23
evening_peak,thursday,central,heavy_monsoon,26,Extreme,100
late_night,monday,central,light_rain,3,Low,27
mid_morning,monday,harbour,clear,1,Moderate,44
evening_peak,sunday,harbour,clear,5,Moderate,50
afternoon,tuesday,western,clear,8,Minimal,12
evening_peak,sunday,central,light_rain,12,Moderate,54
late_night,sunday,western,light_rain,5,Minimal,9
mid_morning,wednesday,central,heavy_monsoon,19,Moderate,50
mid_morning,saturday,harbour,clear,1,Low,34
night,monday,harbour,light_rain,7,Low,33
afternoon,sunday,central,light_rain,5,Minimal,13
morning_peak,sunday,central,light_rain,12,Low,33
morning_peak,tuesday,harbour,clear,7,High,83
evening_peak,sunday,harbour,clear,7,Moderate,52
night,friday,western,heavy_monsoon,15,Moderate,44
early_morning,saturday,harbour,clear,1,Minimal,12
evening_peak,monday,central,light_rain,19,Extreme,100
night,monday,western,heavy_monsoon,15,Moderate,49
afternoon,tuesday,central,clear,6,Low,25
afternoon,wednesday,western,clear,10,Moderate,42
afternoon,monday,central,clear,6,Low,33
afternoon,friday,harbour,clear,1,Low,24
afternoon,monday,central,light_rain,11,Low,34
night,friday,western,clear,3,Low,21
night,saturday,central,light_rain,6,Minimal,12
mid_morning,saturday,western,light_rain,2,Low,31
morning_peak,thursday,central,light_rain,17,Extreme,100
late_night,thursday,harbour,heavy_monsoon,10,Minimal,13
afternoon,friday,harbour,light_rain,6,Moderate,46
early_morning,wednesday,central,clear,1,Minimal,10
late_night,monday,central,heavy_monsoon,15,Low,23
night,sunday,central,clear,4,Minimal,8
early_morning,monday,western,light_rain,7,Low,31
early_morning,thursday,central,clear,1,Low,25
early_morning,sunday,central,heavy_monsoon,11,Low,26
mid_morning,friday,western,heavy_monsoon,21,Moderate,54
night,sunday,harbour,clear,3,Minimal,7
early_morning,monday,central,clear,5,Minimal,6
afternoon,monday,central,clear,6,Low,31
evening_peak,wednesday,harbour,heavy_monsoon,24,Extreme,100
early_morning,tuesday,harbour,light_rain,5,Low,25
mid_morning,sunday,western,clear,0,Low,27
late_night,thursday,central,light_rain,7,Minimal,6
night,thursday,central,heavy_monsoon,17,Moderate,44
mid_morning,tuesday,western,clear,4,Moderate,43
early_morning,monday,harbour,clear,1,Minimal,9
night,wednesday,western,heavy_monsoon,14,Moderate,43
evening_peak,wednesday,harbour,clear,11,Extreme,100
early_morning,thursday,western,light_rain,8,Low,27
mid_morning,wednesday,harbour,heavy_monsoon,14,High,61
morning_peak,saturday,western,heavy_monsoon,19,High,71
afternoon,tuesday,harbour,clear,4,Low,23
late_night,monday,harbour,heavy_monsoon,12,Minimal,12
mid_morning,saturday,harbour,clear,3,Low,27
night,tuesday,harbour,clear,0,Low,31
early_morning,friday,harbour,heavy_monsoon,15,Low,26
afternoon,sunday,central,clear,4,Minimal,8
early_morning,thursday,harbour,light_rain,6,Low,24
night,wednesday,central,light_rain,8,Low,23
early_morning,friday,harbour,clear,1,Low,22
morning_peak,wednesday,central,light_rain,16,Extreme,100
afternoon,saturday,central,clear,4,Minimal,11
afternoon,monday,western,light_rain,10,Low,33
night,monday,harbour,heavy_monsoon,14,Low,32
late_night,monday,western,clear,4,Minimal,7
morning_peak,wednesday,western,clear,14,Extreme,100
mid_morning,friday,harbour,clear,10,Low,32
early_morning,monday,western,clear,6,Low,22
evening_peak,friday,harbour,clear,8,Extreme,100
early_morning,wednesday,western,clear,4,Minimal,14
early_morning,saturday,harbour,heavy_monsoon,14,Low,28
mid_morning,friday,harbour,heavy_monsoon,17,Moderate,55
early_morning,saturday,harbour,light_rain,3,Minimal,12
morning_peak,wednesday,central,clear,17,High,81
morning_peak,wednesday,western,light_rain,15,High,82
afternoon,thursday,central,light_rain,10,Moderate,45
night,wednesday,western,heavy_monsoon,20,Moderate,47
late_night,wednesday,western,light_rain,4,Minimal,8
evening_peak,tuesday,western,heavy_monsoon,26,Extreme,100
early_morning,monday,central,light_rain,8,Low,20
early_morning,thursday,western,clear,3,Minimal,8
mid_morning,sunday,central,light_rain,5,Minimal,14
night,thursday,harbour,heavy_monsoon,16,Low,31
morning_peak,thursday,western,heavy_monsoon,26,Extreme,100
evening_peak,sunday,western,heavy_monsoon,23,Moderate,53
afternoon,tuesday,harbour,light_rain,7,Low,34
morning_peak,saturday,harbour,light_rain,5,Moderate,48
night,wednesday,western,heavy_monsoon,15,Moderate,43
late_night,monday,harbour,clear,0,Minimal,12
afternoon,friday,central,clear,6,Low,33
late_night,sunday,central,light_rain,3,Minimal,7
mid_morning,saturday,western,light_rain,9,Minimal,15
mid_morning,sunday,central,heavy_monsoon,13,Low,28
early_morning,wednesday,central,light_rain,3,Low,32
late_night,tuesday,western,light_rain,5,Minimal,13
night,sunday,harbour,heavy_monsoon,15,Low,21
evening_peak,wednesday,western,heavy_monsoon,24,Extreme,100
afternoon,wednesday,central,light_rain,5,Low,34
morning_peak,tuesday,western,clear,13,Extreme,100
night,thursday,western,light_rain,8,Low,22
night,thursday,central,clear,3,Minimal,13
mid_morning,monday,central,clear,8,Low,34
late_night,monday,western,clear,1,Minimal,13
early_morning,thursday,central,heavy_monsoon,15,Moderate,44
early_morning,saturday,central,heavy_monsoon,15,Low,21
afternoon,friday,central,heavy_monsoon,15,Moderate,54
mid_morning,wednesday,central,light_rain,11,Moderate,50
night,friday,central,heavy_monsoon,17,Low,32
evening_peak,wednesday,central,heavy_monsoon,27,Extreme,100
mid_morning,thursday,harbour,light_rain,10,Moderate,47
afternoon,monday,western,light_rain,6,Moderate,49
afternoon,saturday,central,clear,6,Minimal,13
mid_morning,monday,western,light_rain,8,Moderate,46
afternoon,friday,harbour,light_rain,6,Low,29
mid_morning,monday,central,heavy_monsoon,20,High,67
morning_peak,thursday,western,clear,13,High,79
mid_morning,saturday,central,clear,5,Low,20
late_night,friday,central,light_rain,6,Minimal,11
mid_morning,saturday,central,heavy_monsoon,16,Moderate,43
afternoon,wednesday,central,heavy_monsoon,16,Moderate,47
late_night,monday,central,heavy_monsoon,14,Low,30
afternoon,saturday,central,heavy_monsoon,17,Minimal,14
early_morning,tuesday,central,light_rain,9,Low,30
early_morning,monday,harbour,heavy_monsoon,17,Low,29
late_night,wednesday,harbour,clear,1,Minimal,4
morning_peak,saturday,central,clear,4,Moderate,44
early_morning,friday,central,light_rain,7,Low,25
mid_morning,wednesday,harbour,heavy_monsoon,18,High,76
afternoon,tuesday,harbour,heavy_monsoon,15,Moderate,43
early_morning,saturday,harbour,heavy_monsoon,14,Low,24
early_morning,sunday,central,heavy_monsoon,13,Low,27
morning_peak,sunday,western,light_rain,8,Moderate,51
late_night,thursday,western,heavy_monsoon,14,Low,20
late_night,monday,western,light_rain,2,Minimal,15
night,friday,western,heavy_monsoon,18,Moderate,48
morning_peak,thursday,central,heavy_monsoon,28,Extreme,100
mid_morning,saturday,western,clear,4,Minimal,9
late_night,sunday,harbour,light_rain,4,Minimal,15
afternoon,sunday,harbour,clear,5,Low,25
morning_peak,sunday,western,light_rain,11,Moderate,55
early_morning,saturday,harbour,heavy_monsoon,15,Low,26
afternoon,sunday,central,heavy_monsoon,14,Low,20
afternoon,wednesday,western,light_rain,9,Moderate,53
early_morning,saturday,western,clear,4,Minimal,0
morning_peak,friday,central,light_rain,16,Extreme,100
early_morning,thursday,harbour,light_rain,2,Minimal,14
night,friday,central,heavy_monsoon,16,Moderate,43
afternoon,tuesday,central,clear,4,Low,22
evening_peak,sunday,harbour,light_rain,10,Moderate,54
evening_peak,tuesday,central,clear,15,Extreme,100
mid_morning,monday,harbour,clear,3,Moderate,50
late_night,monday,harbour,light_rain,3,Minimal,15
early_morning,tuesday,central,clear,4,Minimal,7
early_morning,saturday,harbour,heavy_monsoon,14,Minimal,12
mid_morning,friday,central,heavy_monsoon,20,Moderate,50
mid_morning,tuesday,harbour,heavy_monsoon,17,Moderate,55
mid_morning,monday,western,heavy_monsoon,16,Moderate,59
afternoon,tuesday,harbour,clear,1,Low,28
night,saturday,harbour,heavy_monsoon,15,Low,29
early_morning,tuesday,central,light_rain,6,Low,22
afternoon,friday,harbour,heavy_monsoon,13,Moderate,45
mid_morning,thursday,western,light_rain,6,Moderate,51
early_morning,saturday,western,light_rain,6,Minimal,10
afternoon,monday,harbour,heavy_monsoon,13,Moderate,51
night,friday,harbour,heavy_monsoon,13,Moderate,46
afternoon,tuesday,western,clear,9,Low,24
night,tuesday,central,light_rain,6,Low,20
mid_morning,thursday,western,heavy_monsoon,18,Moderate,58
night,monday,western,clear,3,Low,22
early_morning,monday,harbour,heavy_monsoon,12,Low,23
mid_morning,wednesday,harbour,heavy_monsoon,15,Moderate,46
early_morning,monday,western,heavy_monsoon,13,Low,33
evening_peak,thursday,central,light_rain,19,Extreme,100
morning_peak,sunday,western,heavy_monsoon,20,High,61
night,wednesday,western,clear,1,Low,20
morning_peak,wednesday,central,heavy_monsoon,25,Extreme,100
morning_peak,tuesday,western,heavy_monsoon,25,Extreme,100
night,tuesday,western,clear,4,Minimal,12
mid_morning,monday,harbour,clear,4,Moderate,44
evening_peak,wednesday,central,light_rain,19,Extreme,100
early_morning,tuesday,harbour,light_rain,5,Minimal,15
afternoon,thursday,harbour,light_rain,4,Moderate,42
early_morning,tuesday,central,light_rain,4,Minimal,13
afternoon,saturday,central,clear,6,Minimal,11
early_morning,saturday,western,heavy_monsoon,15,Low,27
night,tuesday,harbour,heavy_monsoon,15,Low,33
evening_peak,wednesday,central,heavy_monsoon,27,Extreme,100
afternoon,sunday,harbour,light_rain,4,Low,21
late_night,sunday,harbour,clear,2,Minimal,6
mid_morning,wednesday,central,clear,9,Low,33
early_morning,friday,western,clear,4,Minimal,8
early_morning,sunday,harbour,heavy_monsoon,16,Low,28
afternoon,saturday,central,light_rain,6,Low,22
mid_morning,thursday,western,clear,8,Low,30
mid_morning,wednesday,harbour,light_rain,7,Low,34
night,monday,central,clear,7,Low,26
late_night,saturday,harbour,light_rain,3,Minimal,8
night,thursday,central,clear,4,Minimal,14
night,thursday,central,light_rain,7,Low,22
night,wednesday,harbour,clear,5,Low,28
night,thursday,harbour,clear,5,Minimal,13
night,wednesday,central,light_rain,7,Low,30
evening_peak,sunday,western,light_rain,11,Moderate,45
mid_morning,tuesday,harbour,heavy_monsoon,18,Moderate,50
night,saturday,central,light_rain,5,Low,23
mid_morning,friday,central,clear,9,Moderate,50
mid_morning,tuesday,western,clear,4,Low,31
morning_peak,saturday,western,light_rain,8,Moderate,51
evening_peak,wednesday,western,heavy_monsoon,25,Extreme,100
night,saturday,harbour,light_rain,3,Minimal,11
early_morning,sunday,central,clear,5,Minimal,3
afternoon,wednesday,central,clear,7,Low,28
late_night,tuesday,central,heavy_monsoon,15,Low,21
early_morning,monday,western,light_rain,8,Low,21
evening_peak,monday,central,clear,13,Extreme,100
afternoon,saturday,harbour,clear,0,Minimal,10
evening_peak,monday,western,clear,13,Extreme,100
mid_morning,wednesday,western,light_rain,11,Moderate,59
afternoon,thursday,western,light_rain,11,Moderate,42
mid_morning,wednesday,western,heavy_monsoon,20,Moderate,58
early_morning,thursday,harbour,clear,4,Minimal,13
early_morning,tuesday,central,clear,5,Minimal,13
afternoon,friday,harbour,heavy_monsoon,15,Moderate,52
afternoon,thursday,central,clear,10,Low,31
night,monday,harbour,heavy_monsoon,15,Low,31
evening_peak,wednesday,western,heavy_monsoon,26,Extreme,100
night,tuesday,western,clear,4,Low,26
evening_peak,monday,harbour,light_rain,15,Extreme,100
night,tuesday,harbour,light_rain,3,Minimal,15
mid_morning,friday,central,light_rain,12,Moderate,49
afternoon,sunday,harbour,light_rain,6,Low,29
early_morning,wednesday,harbour,clear,1,Low,25
evening_peak,saturday,central,heavy_monsoon,19,High,74
evening_peak,wednesday,central,heavy_monsoon,29,Extreme,100
early_morning,friday,central,clear,3,Low,29
night,wednesday,harbour,light_rain,9,Low,30
evening_peak,saturday,central,heavy_monsoon,21,High,66
late_night,thursday,western,clear,3,Minimal,9
mid_morning,tuesday,western,clear,8,Moderate,46
afternoon,saturday,western,light_rain,4,Low,24
early_morning,monday,harbour,clear,3,Minimal,14
afternoon,friday,western,heavy_monsoon,20,Moderate,50
late_night,thursday,harbour,heavy_monsoon,10,Low,24
evening_peak,monday,harbour,clear,11,Extreme,100
evening_peak,monday,western,heavy_monsoon,26,Extreme,100
late_night,friday,central,clear,5,Minimal,8
early_morning,thursday,harbour,heavy_monsoon,14,Low,29
mid_morning,sunday,western,light_rain,7,Low,33
morning_peak,monday,harbour,heavy_monsoon,21,Extreme,100
early_morning,monday,central,light_rain,6,Minimal,13
morning_peak,thursday,central,light_rain,16,Extreme,98
late_night,wednesday,western,clear,0,Minimal,10
night,monday,harbour,light_rain,5,Low,34
morning_peak,tuesday,harbour,heavy_monsoon,19,Extreme,100
mid_morning,thursday,harbour,heavy_monsoon,18,High,65
night,monday,harbour,light_rain,5,Low,34
morning_peak,friday,western,clear,13,Extreme,100
late_night,saturday,central,light_rain,9,Minimal,9
night,tuesday,western,heavy_monsoon,16,Low,33
late_night,saturday,harbour,heavy_monsoon,16,Low,32
morning_peak,saturday,harbour,light_rain,9,Moderate,42
late_night,monday,central,light_rain,4,Low,23
mid_morning,tuesday,harbour,light_rain,5,Moderate,45
morning_peak,tuesday,western,heavy_monsoon,22,Extreme,100
morning_peak,wednesday,western,heavy_monsoon,24,Extreme,100
morning_peak,saturday,central,heavy_monsoon,17,Moderate,52
early_morning,tuesday,western,clear,0,Minimal,15
early_morning,wednesday,western,heavy_monsoon,16,Moderate,44
early_morning,thursday,western,heavy_monsoon,16,Low,29
mid_morning,wednesday,western,clear,6,Moderate,49
night,friday,harbour,clear,2,Low,21
late_night,sunday,western,clear,0,Minimal,2
evening_peak,monday,central,clear,17,Extreme,100
morning_peak,thursday,central,clear,18,High,81
late_night,sunday,western,clear,3,Minimal,7
morning_peak,sunday,central,light_rain,11,Moderate,49
mid_morning,thursday,western,light_rain,10,Moderate,52
morning_peak,friday,central,light_rain,18,Extreme,100
early_morning,wednesday,central,light_rain,7,Minimal,13
evening_peak,monday,western,heavy_monsoon,25,Extreme,100
afternoon,wednesday,western,clear,9,Low,32
morning_peak,tuesday,harbour,heavy_monsoon,21,Extreme,100
late_night,wednesday,western,clear,0,Minimal,7
early_morning,thursday,western,clear,2,Low,21
afternoon,monday,harbour,heavy_monsoon,15,Moderate,47
evening_peak,wednesday,western,light_rain,13,Extreme,100
afternoon,monday,western,heavy_monsoon,17,Moderate,52
early_morning,monday,harbour,heavy_monsoon,13,Low,33
night,tuesday,western,clear,2,Low,21
night,tuesday,western,clear,4,Low,21
afternoon,thursday,harbour,clear,0,Low,22
mid_morning,friday,harbour,light_rain,8,Moderate,52
late_night,sunday,central,heavy_monsoon,14,Low,22
late_night,monday,western,heavy_monsoon,14,Low,29
afternoon,friday,central,light_rain,10,Low,31
morning_peak,sunday,central,heavy_monsoon,21,High,62
morning_peak,sunday,harbour,heavy_monsoon,20,High,69
late_night,thursday,western,clear,2,Minimal,8
late_night,sunday,western,light_rain,7,Minimal,11
night,sunday,harbour,clear,1,Minimal,1
mid_morning,monday,central,light_rain,9,Moderate,43
early_morning,monday,harbour,clear,2,Low,22
morning_peak,saturday,western,heavy_monsoon,20,High,70
late_night,friday,harbour,light_rain,6,Minimal,9
night,wednesday,western,light_rain,9,Moderate,43
evening_peak,tuesday,central,clear,19,Extreme,100
night,wednesday,western,light_rain,6,Low,32
morning_peak,friday,central,heavy_monsoon,24,Extreme,100
morning_peak,tuesday,central,heavy_monsoon,27,Extreme,100
night,wednesday,western,heavy_monsoon,12,Moderate,49
early_morning,saturday,western,clear,2,Minimal,6
afternoon,tuesday,central,light_rain,7,Moderate,42
morning_peak,monday,harbour,clear,10,Extreme,100
night,wednesday,western,heavy_monsoon,13,Moderate,45
late_night,tuesday,central,light_rain,7,Minimal,13
night,saturday,central,heavy_monsoon,17,Low,20
mid_morning,sunday,harbour,light_rain,8,Low,24
afternoon,tuesday,western,light_rain,7,Low,32
evening_peak,tuesday,central,clear,18,Extreme,100
early_morning,saturday,harbour,light_rain,6,Low,20
evening_peak,sunday,central,heavy_monsoon,19,High,66
afternoon,wednesday,western,light_rain,7,Moderate,47
afternoon,thursday,harbour,heavy_monsoon,15,Moderate,50
afternoon,wednesday,central,clear,10,Moderate,42
evening_peak,sunday,harbour,heavy_monsoon,15,High,70
late_night,friday,western,light_rain,6,Minimal,9
afternoon,saturday,harbour,heavy_monsoon,14,Low,23
night,wednesday,western,heavy_monsoon,11,Low,34
evening_peak,tuesday,central,light_rain,18,Extreme,100
afternoon,saturday,western,heavy_monsoon,15,Minimal,14
night,monday,central,light_rain,8,Low,27
late_night,sunday,central,clear,3,Minimal,0
mid_morning,wednesday,western,heavy_monsoon,22,High,68
late_night,saturday,central,clear,0,Minimal,11
afternoon,wednesday,harbour,heavy_monsoon,17,Moderate,47
evening_peak,saturday,central,heavy_monsoon,19,High,62
morning_peak,tuesday,western,clear,17,Extreme,100
afternoon,monday,harbour,heavy_monsoon,15,Moderate,49
morning_peak,monday,harbour,heavy_monsoon,22,Extreme,100
night,friday,central,clear,3,Low,24
mid_morning,saturday,central,heavy_monsoon,15,Low,32
early_morning,wednesday,western,light_rain,6,Low,29
late_night,monday,harbour,heavy_monsoon,13,Low,26
mid_morning,sunday,western,heavy_monsoon,11,Low,33
afternoon,monday,central,heavy_monsoon,16,Low,34
morning_peak,thursday,harbour,clear,11,Extreme,99
late_night,thursday,western,light_rain,1,Minimal,11
morning_peak,monday,western,light_rain,14,Extreme,100
evening_peak,saturday,western,heavy_monsoon,18,Moderate,45
morning_peak,friday,western,clear,10,Extreme,100
evening_peak,monday,western,clear,15,Extreme,100
night,tuesday,harbour,light_rain,9,Minimal,15
late_night,wednesday,western,clear,0,Minimal,13
late_night,friday,harbour,heavy_monsoon,15,Low,25
early_morning,tuesday,western,heavy_monsoon,13,Low,26
afternoon,friday,central,clear,4,Low,23
evening_peak,tuesday,central,heavy_monsoon,28,Extreme,100
early_morning,wednesday,western,light_rain,4,Low,22
morning_peak,wednesday,central,heavy_monsoon,21,Extreme,100
morning_peak,thursday,harbour,clear,10,High,80
early_morning,saturday,western,light_rain,3,Minimal,13
late_night,tuesday,harbour,heavy_monsoon,14,Low,29
morning_peak,thursday,western,light_rain,13,Extreme,100
night,tuesday,central,clear,4,Minimal,13
night,thursday,harbour,heavy_monsoon,14,Low,30
early_morning,wednesday,central,heavy_monsoon,17,Low,27
evening_peak,friday,central,light_rain,19,Extreme,100
evening_peak,sunday,western,heavy_monsoon,20,High,66
early_morning,thursday,harbour,heavy_monsoon,12,Moderate,46
evening_peak,tuesday,central,heavy_monsoon,30,Extreme,100
late_night,tuesday,western,heavy_monsoon,13,Low,21
late_night,sunday,western,clear,5,Minimal,8
evening_peak,saturday,western,heavy_monsoon,17,High,71
night,wednesday,central,light_rain,10,Low,27
evening_peak,tuesday,western,clear,12,Extreme,100
late_night,monday,harbour,light_rain,6,Minimal,12
mid_morning,friday,harbour,light_rain,6,Moderate,48
afternoon,thursday,central,light_rain,7,Moderate,50
morning_peak,saturday,harbour,clear,7,Moderate,46
mid_morning,sunday,western,clear,1,Minimal,12
evening_peak,friday,central,clear,14,Extreme,100
night,wednesday,western,heavy_monsoon,16,Low,32
early_morning,saturday,central,light_rain,4,Minimal,9
evening_peak,thursday,central,clear,18,Extreme,100
night,thursday,western,light_rain,9,Low,26
afternoon,sunday,harbour,clear,0,Minimal,14
evening_peak,monday,harbour,clear,11,Extreme,100
late_night,sunday,central,clear,2,Minimal,6
early_morning,wednesday,western,light_rain,6,Low,22
night,saturday,western,heavy_monsoon,16,Low,23
night,saturday,central,clear,1,Minimal,2
night,tuesday,harbour,clear,0,Low,23
afternoon,monday,western,clear,5,Low,33
evening_peak,monday,harbour,heavy_monsoon,24,Extreme,100
afternoon,saturday,harbour,light_rain,7,Minimal,14
morning_peak,saturday,central,light_rain,10,Moderate,51
morning_peak,friday,central,light_rain,20,Extreme,98
evening_peak,friday,harbour,light_rain,12,Extreme,100
late_night,friday,western,clear,1,Minimal,9
afternoon,monday,western,heavy_monsoon,17,Moderate,58
early_morning,tuesday,central,clear,8,Low,22
night,thursday,harbour,heavy_monsoon,13,Low,34
night,friday,western,light_rain,7,Low,25
evening_peak,tuesday,western,heavy_monsoon,24,Extreme,100
late_night,sunday,central,clear,3,Minimal,7
morning_peak,wednesday,harbour,clear,7,Extreme,100
morning_peak,friday,western,light_rain,18,High,82
night,sunday,central,clear,2,Minimal,7
evening_peak,thursday,western,clear,13,High,82
afternoon,wednesday,western,heavy_monsoon,19,Moderate,50
morning_peak,wednesday,western,clear,12,Extreme,100
afternoon,thursday,central,light_rain,8,Moderate,45
late_night,friday,harbour,light_rain,5,Minimal,6
morning_peak,monday,central,clear,14,Extreme,98
morning_peak,thursday,harbour,light_rain,13,Extreme,100
mid_morning,thursday,western,heavy_monsoon,18,High,70
morning_peak,thursday,harbour,heavy_monsoon,19,Extreme,100
early_morning,wednesday,western,clear,3,Low,21
evening_peak,tuesday,western,clear,11,High,83
evening_peak,sunday,central,heavy_monsoon,20,Moderate,58
afternoon,monday,western,light_rain,10,Moderate,44
late_night,friday,central,clear,1,Minimal,12
morning_peak,friday,harbour,clear,7,Extreme,99
early_morning,sunday,harbour,light_rain,4,Minimal,11
afternoon,tuesday,western,clear,6,Low,23
mid_morning,thursday,central,light_rain,11,Moderate,50
afternoon,monday,western,light_rain,5,Low,30
afternoon,friday,central,light_rain,7,Low,32
morning_peak,sunday,central,light_rain,11,Moderate,46
mid_morning,saturday,central,light_rain,9,Low,29
afternoon,sunday,harbour,heavy_monsoon,16,Minimal,11
early_morning,friday,central,light_rain,11,Low,25
early_morning,thursday,harbour,heavy_monsoon,14,Low,31
evening_peak,saturday,central,light_rain,9,Moderate,58
mid_morning,tuesday,harbour,clear,8,Moderate,43
mid_morning,monday,harbour,heavy_monsoon,14,Moderate,48
evening_peak,tuesday,harbour,clear,9,Extreme,100
afternoon,tuesday,western,light_rain,9,Moderate,49
mid_morning,sunday,central,light_rain,8,Low,23
early_morning,monday,western,clear,3,Minimal,15
early_morning,monday,central,light_rain,5,Low,27
morning_peak,friday,central,clear,12,Extreme,100
mid_morning,friday,western,light_rain,8,Moderate,53
afternoon,monday,harbour,light_rain,4,Moderate,46
evening_peak,saturday,central,heavy_monsoon,23,Moderate,57
evening_peak,wednesday,harbour,clear,9,Extreme,100
afternoon,friday,western,light_rain,8,Low,32
late_night,wednesday,harbour,clear,1,Minimal,11
night,sunday,central,heavy_monsoon,15,Low,21
morning_peak,saturday,central,clear,6,Moderate,53
evening_peak,monday,central,heavy_monsoon,28,Extreme,100
mid_morning,saturday,western,clear,6,Minimal,13
morning_peak,friday,central,clear,14,Extreme,100
mid_morning,tuesday,western,heavy_monsoon,15,Moderate,56
late_night,sunday,harbour,light_rain,6,Minimal,13
early_morning,monday,central,light_rain,6,Low,28
morning_peak,thursday,central,light_rain,19,Extreme,100
evening_peak,sunday,central,clear,6,High,61
morning_peak,wednesday,harbour,clear,8,Extreme,100
morning_peak,saturday,central,light_rain,10,Moderate,53
morning_peak,monday,western,clear,10,Extreme,98
night,sunday,harbour,clear,2,Minimal,14
morning_peak,saturday,harbour,light_rain,10,Moderate,59
mid_morning,monday,harbour,heavy_monsoon,18,High,68
early_morning,friday,harbour,clear,2,Minimal,14
late_night,sunday,harbour,clear,0,Minimal,5
afternoon,friday,western,clear,2,Low,30
morning_peak,sunday,harbour,clear,6,Moderate,44
evening_peak,friday,central,heavy_monsoon,24,Extreme,100
morning_peak,saturday,harbour,light_rain,5,Moderate,54
evening_peak,thursday,harbour,clear,10,Extreme,100
mid_morning,sunday,harbour,light_rain,3,Low,30
evening_peak,sunday,harbour,clear,5,Moderate,44
afternoon,friday,harbour,heavy_monsoon,17,Moderate,50
early_morning,monday,western,light_rain,10,Low,21
evening_peak,sunday,western,heavy_monsoon,16,High,67
evening_peak,friday,harbour,clear,11,Extreme,100
early_morning,tuesday,western,heavy_monsoon,22,Low,24
afternoon,friday,central,heavy_monsoon,18,Moderate,42
morning_peak,saturday,harbour,clear,4,High,61
evening_peak,thursday,central,clear,14,Extreme,100
early_morning,tuesday,central,light_rain,6,Minimal,15
mid_morning,saturday,harbour,clear,6,Minimal,9
early_morning,saturday,central,light_rain,5,Minimal,12
mid_morning,saturday,central,heavy_monsoon,16,Low,30
afternoon,monday,central,heavy_monsoon,21,Low,31
morning_peak,saturday,harbour,light_rain,8,Moderate,55
early_morning,monday,harbour,clear,3,Minimal,12
late_night,saturday,central,clear,4,Minimal,10
late_night,wednesday,harbour,heavy_monsoon,12,Minimal,15
night,tuesday,harbour,light_rain,3,Low,28
evening_peak,wednesday,central,heavy_monsoon,28,Extreme,100
afternoon,saturday,harbour,heavy_monsoon,18,Low,25
early_morning,tuesday,western,clear,3,Minimal,14
late_night,tuesday,harbour,light_rain,8,Minimal,6
evening_peak,sunday,western,heavy_monsoon,18,High,69
late_night,thursday,central,clear,2,Minimal,5
early_morning,wednesday,harbour,heavy_monsoon,15,Low,23
mid_morning,thursday,central,heavy_monsoon,20,Moderate,55
early_morning,tuesday,central,clear,3,Low,24
night,monday,central,clear,3,Minimal,12
early_morning,tuesday,central,light_rain,5,Low,34
early_morning,thursday,central,heavy_monsoon,14,Low,33
night,wednesday,harbour,light_rain,7,Low,23
afternoon,saturday,western,clear,1,Minimal,13
early_morning,sunday,harbour,clear,2,Minimal,13
night,sunday,harbour,heavy_monsoon,12,Low,22
evening_peak,sunday,harbour,light_rain,14,Moderate,45
mid_morning,saturday,harbour,light_rain,1,Minimal,13
mid_morning,sunday,western,heavy_monsoon,17,Low,29
early_morning,wednesday,harbour,heavy_monsoon,13,Low,27
afternoon,saturday,central,light_rain,8,Minimal,11
afternoon,sunday,harbour,clear,1,Minimal,8
evening_peak,saturday,harbour,clear,0,Moderate,47
early_morning,thursday,western,heavy_monsoon,15,Low,28
mid_morning,wednesday,western,light_rain,8,Moderate,47
afternoon,friday,central,light_rain,9,Low,28
early_morning,monday,harbour,light_rain,3,Low,24
late_night,sunday,harbour,clear,0,Minimal,4
afternoon,monday,harbour,clear,7,Low,29
night,saturday,central,light_rain,2,Minimal,14
late_night,monday,western,light_rain,7,Minimal,11
afternoon,wednesday,central,heavy_monsoon,17,Moderate,44
mid_morning,wednesday,harbour,heavy_monsoon,15,Moderate,53
morning_peak,tuesday,western,light_rain,15,Extreme,100
late_night,sunday,western,light_rain,4,Minimal,3
evening_peak,tuesday,central,clear,21,Extreme,100
evening_peak,monday,western,light_rain,17,Extreme,100
mid_morning,friday,western,heavy_monsoon,18,Moderate,55
afternoon,tuesday,harbour,clear,5,Low,26
early_morning,tuesday,harbour,heavy_monsoon,15,Moderate,44
afternoon,wednesday,western,heavy_monsoon,19,Moderate,56
mid_morning,friday,western,clear,4,Moderate,52
evening_peak,saturday,central,heavy_monsoon,22,High,67
afternoon,monday,central,light_rain,10,Low,33
evening_peak,tuesday,western,heavy_monsoon,24,Extreme,100
late_night,friday,harbour,clear,4,Minimal,10
early_morning,sunday,western,clear,2,Minimal,8
late_night,friday,western,clear,1,Minimal,1
evening_peak,monday,harbour,heavy_monsoon,23,Extreme,100
evening_peak,friday,harbour,light_rain,12,Extreme,100
morning_peak,friday,central,clear,18,High,83
morning_peak,friday,central,light_rain,18,Extreme,100
late_night,sunday,central,clear,0,Minimal,7
night,tuesday,central,light_rain,5,Low,28
late_night,monday,harbour,light_rain,5,Minimal,9
morning_peak,sunday,western,light_rain,7,Moderate,47
evening_peak,friday,central,clear,14,Extreme,98
mid_morning,friday,central,heavy_monsoon,17,Moderate,58
late_night,tuesday,harbour,heavy_monsoon,18,Low,30
evening_peak,monday,harbour,heavy_monsoon,22,Extreme,100
mid_morning,wednesday,western,light_rain,11,Moderate,47
mid_morning,sunday,western,clear,4,Low,24
morning_peak,tuesday,harbour,light_rain,14,Extreme,100
late_night,monday,central,clear,1,Minimal,15
afternoon,sunday,central,light_rain,10,Low,28
early_morning,friday,central,clear,2,Minimal,10
morning_peak,monday,western,clear,12,Extreme,100
morning_peak,monday,central,clear,15,Extreme,98
afternoon,saturday,central,light_rain,6,Low,25
early_morning,monday,harbour,heavy_monsoon,14,Low,34
evening_peak,wednesday,central,light_rain,18,Extreme,100
night,monday,harbour,light_rain,4,Low,30
late_night,wednesday,central,clear,0,Minimal,12
night,friday,western,clear,3,Low,27
evening_peak,wednesday,central,heavy_monsoon,29,Extreme,100
morning_peak,sunday,central,heavy_monsoon,18,Moderate,55
early_morning,friday,harbour,clear,1,Low,23
morning_peak,friday,harbour,heavy_monsoon,24,Extreme,100
mid_morning,wednesday,harbour,heavy_monsoon,15,Moderate,54
morning_peak,tuesday,central,clear,13,Extreme,100
morning_peak,thursday,central,light_rain,16,Extreme,100
evening_peak,monday,western,heavy_monsoon,27,Extreme,100
evening_peak,saturday,central,clear,10,Moderate,55
evening_peak,thursday,western,heavy_monsoon,25,Extreme,100
night,monday,harbour,heavy_monsoon,18,Moderate,43
mid_morning,monday,harbour,clear,3,Low,31
evening_peak,friday,harbour,heavy_monsoon,22,Extreme,100
early_morning,monday,western,heavy_monsoon,16,Moderate,48
night,saturday,central,heavy_monsoon,15,Low,24
afternoon,monday,harbour,light_rain,8,Moderate,44
early_morning,wednesday,central,light_rain,5,Low,22
late_night,thursday,central,heavy_monsoon,18,Low,27
late_night,wednesday,harbour,clear,0,Minimal,9
early_morning,saturday,western,heavy_monsoon,10,Minimal,10
evening_peak,monday,central,heavy_monsoon,30,Extreme,100
afternoon,sunday,harbour,light_rain,6,Low,26
afternoon,saturday,central,light_rain,7,Low,24
night,friday,central,light_rain,8,Low,34
afternoon,wednesday,central,heavy_monsoon,21,Moderate,51
late_night,wednesday,central,heavy_monsoon,15,Low,27
mid_morning,tuesday,central,clear,7,Low,33
evening_peak,monday,western,heavy_monsoon,27,Extreme,100
afternoon,friday,western,heavy_monsoon,16,Moderate,55
night,sunday,harbour,light_rain,6,Low,28
late_night,wednesday,western,light_rain,8,Low,22
mid_morning,wednesday,western,light_rain,11,Moderate,48
morning_peak,friday,western,light_rain,16,Extreme,100
morning_peak,saturday,central,light_rain,10,Moderate,51
mid_morning,saturday,central,clear,6,Minimal,15
late_night,monday,harbour,clear,3,Minimal,13
night,tuesday,harbour,clear,4,Low,31
mid_morning,wednesday,harbour,light_rain,6,Moderate,58
evening_peak,tuesday,central,light_rain,20,Extreme,100
evening_peak,saturday,western,light_rain,11,High,61
morning_peak,saturday,western,clear,5,Moderate,50
afternoon,thursday,central,light_rain,6,Moderate,53
night,sunday,harbour,clear,2,Minimal,14
morning_peak,monday,harbour,light_rain,13,Extreme,100
afternoon,thursday,harbour,heavy_monsoon,14,Moderate,45
afternoon,sunday,central,clear,5,Minimal,15
evening_peak,thursday,harbour,heavy_monsoon,22,Extreme,100
late_night,thursday,harbour,clear,2,Minimal,8
early_morning,monday,central,light_rain,6,Low,23
late_night,monday,western,light_rain,5,Low,25
early_morning,friday,central,heavy_monsoon,13,Low,31
mid_morning,tuesday,central,light_rain,11,High,61
evening_peak,tuesday,central,clear,14,Extreme,100
afternoon,friday,central,light_rain,10,Moderate,42
night,friday,western,light_rain,6,Low,29
early_morning,saturday,harbour,clear,3,Minimal,11
late_night,sunday,central,heavy_monsoon,14,Low,26
afternoon,thursday,western,heavy_monsoon,17,Moderate,50
early_morning,friday,harbour,light_rain,7,Minimal,14
early_morning,wednesday,harbour,clear,4,Minimal,14
early_morning,tuesday,harbour,heavy_monsoon,12,Low,34
night,friday,central,heavy_monsoon,16,Low,27
evening_peak,wednesday,central,light_rain,17,Extreme,100
night,wednesday,harbour,clear,2,Low,24
morning_peak,wednesday,harbour,heavy_monsoon,18,Extreme,100
afternoon,saturday,harbour,light_rain,5,Minimal,13
evening_peak,saturday,harbour,light_rain,10,High,68
evening_peak,wednesday,harbour,light_rain,12,Extreme,100
evening_peak,sunday,harbour,light_rain,13,Moderate,55
late_night,saturday,western,heavy_monsoon,13,Minimal,7
evening_peak,thursday,harbour,clear,9,Extreme,99
night,wednesday,central,light_rain,6,Minimal,14
evening_peak,thursday,central,light_rain,21,Extreme,100
mid_morning,thursday,central,heavy_monsoon,15,Moderate,52
afternoon,wednesday,harbour,light_rain,9,Low,32
evening_peak,tuesday,central,light_rain,18,Extreme,100
afternoon,sunday,western,clear,2,Low,21
mid_morning,wednesday,harbour,light_rain,7,Moderate,47
mid_morning,wednesday,central,heavy_monsoon,24,Moderate,58
afternoon,saturday,western,clear,3,Minimal,11
early_morning,wednesday,western,heavy_monsoon,10,Moderate,43
morning_peak,tuesday,central,clear,18,Extreme,100
late_night,saturday,western,clear,0,Minimal,4
early_morning,monday,central,light_rain,8,Low,26
early_morning,monday,western,light_rain,7,Low,25
night,thursday,harbour,light_rain,5,Low,28
late_night,sunday,harbour,heavy_monsoon,15,Low,34
late_night,thursday,harbour,light_rain,4,Minimal,15
early_morning,tuesday,harbour,light_rain,5,Low,26
evening_peak,friday,harbour,clear,11,Extreme,100
night,sunday,central,light_rain,1,Low,22
night,monday,harbour,light_rain,6,Low,26
mid_morning,thursday,harbour,light_rain,6,Moderate,50
late_night,monday,harbour,light_rain,3,Minimal,12
early_morning,tuesday,harbour,clear,0,Minimal,12
mid_morning,tuesday,western,light_rain,10,Low,33
afternoon,friday,harbour,clear,6,Low,23
morning_peak,friday,harbour,heavy_monsoon,21,Extreme,100
night,saturday,central,light_rain,7,Low,21
afternoon,sunday,western,light_rain,5,Minimal,15
afternoon,tuesday,central,light_rain,10,Moderate,42
evening_peak,thursday,harbour,clear,9,Extreme,100
morning_peak,monday,central,light_rain,17,Extreme,100
afternoon,wednesday,central,light_rain,8,Moderate,44
afternoon,friday,harbour,heavy_monsoon,14,Moderate,56
morning_peak,wednesday,western,clear,10,High,72
morning_peak,thursday,western,clear,13,High,69
afternoon,friday,central,heavy_monsoon,16,High,64
morning_peak,wednesday,harbour,clear,11,Extreme,100
afternoon,sunday,central,light_rain,4,Minimal,15
afternoon,thursday,central,light_rain,11,Moderate,44
evening_peak,monday,central,heavy_monsoon,30,Extreme,100
early_morning,sunday,harbour,clear,3,Minimal,3
afternoon,thursday,harbour,clear,5,Low,28
mid_morning,saturday,western,clear,0,Low,23
night,friday,harbour,heavy_monsoon,17,Low,34
late_night,tuesday,central,light_rain,6,Minimal,6
early_morning,monday,central,heavy_monsoon,18,Moderate,43
early_morning,sunday,western,light_rain,5,Minimal,7
early_morning,sunday,harbour,heavy_monsoon,10,Low,33
evening_peak,wednesday,central,light_rain,17,Extreme,100
afternoon,friday,western,clear,3,Minimal,14
evening_peak,tuesday,western,clear,13,Extreme,100
afternoon,thursday,central,clear,3,Low,34
evening_peak,tuesday,central,heavy_monsoon,27,Extreme,100
evening_peak,friday,harbour,heavy_monsoon,19,Extreme,100
night,friday,western,heavy_monsoon,12,Low,29
mid_morning,saturday,central,clear,5,Low,20
evening_peak,saturday,western,light_rain,8,High,64
night,tuesday,harbour,clear,1,Low,21
morning_peak,thursday,central,clear,14,High,83
mid_morning,tuesday,harbour,light_rain,7,Moderate,47
evening_peak,friday,western,light_rain,15,Extreme,100
late_night,friday,harbour,light_rain,7,Minimal,13
early_morning,wednesday,harbour,light_rain,7,Low,25
morning_peak,saturday,western,clear,7,Moderate,50
morning_peak,wednesday,harbour,heavy_monsoon,18,Extreme,100
night,monday,western,clear,3,Minimal,14
morning_peak,friday,central,light_rain,19,Extreme,100
mid_morning,wednesday,western,heavy_monsoon,18,Low,34
evening_peak,tuesday,western,heavy_monsoon,26,Extreme,100
evening_peak,saturday,central,clear,8,Moderate,48
late_night,saturday,western,clear,0,Minimal,7
early_morning,thursday,central,clear,3,Low,22
night,tuesday,central,heavy_monsoon,20,Moderate,47
early_morning,thursday,western,heavy_monsoon,15,Low,26
morning_peak,wednesday,harbour,heavy_monsoon,20,Extreme,100
late_night,sunday,harbour,light_rain,1,Minimal,13
early_morning,monday,central,light_rain,8,Minimal,15
mid_morning,tuesday,harbour,clear,1,Moderate,47
evening_peak,tuesday,harbour,heavy_monsoon,18,Extreme,100
morning_peak,tuesday,western,clear,11,Extreme,100
late_night,thursday,central,heavy_monsoon,16,Low,21
early_morning,wednesday,central,clear,6,Minimal,14
night,tuesday,western,light_rain,7,Low,27
mid_morning,sunday,harbour,heavy_monsoon,19,Low,31
mid_morning,tuesday,central,light_rain,7,Moderate,44
early_morning,saturday,harbour,heavy_monsoon,15,Low,21
evening_peak,monday,central,clear,16,Extreme,100
early_morning,saturday,central,heavy_monsoon,8,Minimal,15
morning_peak,saturday,central,light_rain,11,Low,34
early_morning,monday,central,heavy_monsoon,14,Low,30
mid_morning,sunday,harbour,clear,2,Low,21
late_night,wednesday,harbour,heavy_monsoon,13,Low,27
early_morning,saturday,harbour,light_rain,3,Minimal,13
evening_peak,wednesday,harbour,clear,12,Extreme,100
late_night,saturday,western,light_rain,4,Minimal,5
night,friday,central,heavy_monsoon,17,Low,34
afternoon,monday,central,light_rain,10,Low,25
early_morning,saturday,central,heavy_monsoon,14,Low,25
evening_peak,friday,western,clear,13,Extreme,100
late_night,thursday,harbour,light_rain,4,Minimal,10
evening_peak,friday,central,light_rain,19,Extreme,100
night,tuesday,harbour,heavy_monsoon,12,Moderate,46
mid_morning,saturday,harbour,light_rain,4,Low,22
evening_peak,friday,western,light_rain,19,Extreme,100
late_night,wednesday,western,clear,0,Minimal,5
evening_peak,thursday,harbour,heavy_monsoon,19,Extreme,100
evening_peak,sunday,central,heavy_monsoon,19,Moderate,56
evening_peak,saturday,central,clear,11,Moderate,53
morning_peak,tuesday,western,clear,16,Extreme,100
morning_peak,sunday,western,heavy_monsoon,18,High,62
mid_morning,friday,western,clear,5,Moderate,50
early_morning,sunday,western,clear,4,Minimal,2
evening_peak,sunday,western,clear,9,Moderate,43
night,thursday,western,heavy_monsoon,20,Moderate,51
early_morning,sunday,western,clear,0,Minimal,9
night,sunday,central,light_rain,7,Minimal,11
early_morning,saturday,western,light_rain,2,Minimal,12
mid_morning,thursday,western,heavy_monsoon,17,Moderate,52
evening_peak,tuesday,central,clear,18,Extreme,100
evening_peak,friday,central,light_rain,18,Extreme,100
afternoon,thursday,harbour,heavy_monsoon,16,Moderate,56
night,thursday,western,light_rain,6,Minimal,11
early_morning,monday,western,clear,2,Low,23
early_morning,thursday,western,heavy_monsoon,15,Low,31
morning_peak,monday,western,light_rain,15,Extreme,100
afternoon,friday,harbour,heavy_monsoon,12,Moderate,49
late_night,sunday,central,light_rain,4,Minimal,9
late_night,saturday,central,light_rain,0,Minimal,14
morning_peak,saturday,western,clear,6,Moderate,48
morning_peak,friday,western,clear,15,Extreme,100
morning_peak,friday,western,light_rain,11,Extreme,100
night,wednesday,harbour,heavy_monsoon,16,Moderate,42
night,sunday,harbour,heavy_monsoon,17,Low,20
mid_morning,friday,central,clear,10,Moderate,47
mid_morning,thursday,western,light_rain,9,Moderate,50
morning_peak,saturday,western,clear,4,Moderate,44
afternoon,tuesday,western,light_rain,9,Low,33
early_morning,saturday,western,light_rain,5,Low,20
night,monday,harbour,clear,0,Low,24
afternoon,saturday,central,heavy_monsoon,19,Low,26
evening_peak,wednesday,central,clear,13,Extreme,100
night,sunday,harbour,light_rain,1,Minimal,14
night,friday,western,clear,3,Low,24
mid_morning,sunday,central,heavy_monsoon,16,Low,32
early_morning,friday,central,heavy_monsoon,17,Low,26
early_morning,saturday,harbour,light_rain,5,Low,22
late_night,tuesday,western,clear,0,Minimal,11
late_night,tuesday,central,heavy_monsoon,17,Minimal,15
late_night,wednesday,western,clear,4,Minimal,9
late_night,monday,central,heavy_monsoon,17,Low,21
evening_peak,saturday,harbour,light_rain,8,Moderate,47
evening_peak,friday,western,light_rain,16,Extreme,100
night,saturday,harbour,clear,3,Minimal,11
morning_peak,wednesday,central,light_rain,17,High,82
mid_morning,thursday,harbour,heavy_monsoon,18,Moderate,57
mid_morning,thursday,harbour,light_rain,8,Moderate,47
late_night,wednesday,harbour,heavy_monsoon,17,Low,22
night,friday,central,heavy_monsoon,15,Low,27
afternoon,sunday,western,light_rain,6,Low,30
morning_peak,wednesday,harbour,heavy_monsoon,21,Extreme,100
night,friday,western,heavy_monsoon,18,Moderate,43
morning_peak,tuesday,central,clear,17,Extreme,100
morning_peak,wednesday,western,clear,10,High,77
morning_peak,friday,harbour,clear,10,Extreme,100
night,wednesday,harbour,light_rain,4,Low,24
late_night,wednesday,harbour,clear,0,Minimal,10
mid_morning,sunday,harbour,heavy_monsoon,16,Moderate,44
mid_morning,sunday,harbour,light_rain,7,Low,22
late_night,friday,harbour,light_rain,9,Minimal,14
morning_peak,friday,central,light_rain,17,High,83
afternoon,monday,central,light_rain,8,Moderate,43
early_morning,wednesday,central,heavy_monsoon,13,Low,27
night,thursday,western,heavy_monsoon,15,Low,31
early_morning,wednesday,western,clear,1,Low,25
late_night,wednesday,central,light_rain,2,Minimal,15
afternoon,friday,western,clear,6,Low,26
night,wednesday,western,heavy_monsoon,15,Moderate,42
late_night,saturday,harbour,light_rain,5,Minimal,15
morning_peak,wednesday,harbour,heavy_monsoon,18,Extreme,100
mid_morning,saturday,western,clear,1,Minimal,15
early_morning,sunday,western,heavy_monsoon,13,Low,26
evening_peak,thursday,central,light_rain,17,Extreme,100
evening_peak,friday,western,light_rain,14,Extreme,100
afternoon,wednesday,harbour,clear,5,Low,29
morning_peak,saturday,western,light_rain,8,Moderate,46
early_morning,saturday,central,heavy_monsoon,17,Minimal,11
morning_peak,sunday,harbour,heavy_monsoon,16,High,65
early_morning,saturday,harbour,heavy_monsoon,13,Low,20
afternoon,tuesday,harbour,heavy_monsoon,17,Moderate,43
afternoon,monday,harbour,clear,0,Low,31
evening_peak,thursday,western,heavy_monsoon,22,Extreme,100
morning_peak,sunday,central,clear,7,Moderate,47
night,sunday,western,heavy_monsoon,14,Low,27
evening_peak,wednesday,western,clear,11,Extreme,100
morning_peak,tuesday,harbour,heavy_monsoon,18,Extreme,100
evening_peak,wednesday,central,heavy_monsoon,32,Extreme,100
night,wednesday,harbour,clear,6,Low,31
mid_morning,friday,western,light_rain,8,Moderate,49
mid_morning,friday,western,light_rain,7,Moderate,44
mid_morning,friday,harbour,light_rain,8,Low,32
mid_morning,tuesday,western,clear,7,Moderate,43
late_night,wednesday,western,light_rain,6,Minimal,13
early_morning,monday,harbour,light_rain,7,Low,25
late_night,thursday,western,clear,3,Minimal,14
late_night,friday,central,light_rain,3,Minimal,11
late_night,friday,harbour,light_rain,9,Minimal,15
mid_morning,sunday,central,light_rain,3,Minimal,12
night,wednesday,western,clear,3,Low,20
afternoon,wednesday,western,clear,3,Moderate,45
afternoon,tuesday,harbour,light_rain,6,Moderate,46
early_morning,tuesday,western,light_rain,7,Low,23
mid_morning,friday,harbour,clear,2,Moderate,47
mid_morning,wednesday,harbour,light_rain,3,Moderate,54
mid_morning,monday,harbour,clear,5,Moderate,46
evening_peak,thursday,harbour,light_rain,12,Extreme,100
morning_peak,wednesday,harbour,clear,9,Extreme,100
evening_peak,sunday,central,heavy_monsoon,19,High,69
morning_peak,wednesday,harbour,heavy_monsoon,21,Extreme,100
mid_morning,saturday,central,clear,2,Low,25
mid_morning,tuesday,western,heavy_monsoon,18,High,62
evening_peak,sunday,harbour,light_rain,7,High,62
evening_peak,thursday,western,clear,12,Extreme,100
morning_peak,friday,harbour,clear,12,High,71
afternoon,sunday,central,light_rain,12,Low,24
morning_peak,wednesday,central,light_rain,17,Extreme,100
evening_peak,friday,central,clear,17,Extreme,100
night,wednesday,western,light_rain,11,Moderate,42
evening_peak,friday,harbour,clear,15,Extreme,100
night,thursday,western,light_rain,7,Low,20
early_morning,tuesday,central,clear,2,Minimal,14
evening_peak,thursday,western,light_rain,15,Extreme,100
early_morning,saturday,central,light_rain,5,Minimal,15
afternoon,monday,central,heavy_monsoon,18,Moderate,59
morning_peak,tuesday,central,heavy_monsoon,28,Extreme,100
night,thursday,harbour,heavy_monsoon,14,Low,34
morning_peak,saturday,harbour,light_rain,8,Moderate,58
early_morning,monday,central,clear,4,Low,22
night,saturday,western,light_rain,3,Minimal,11
morning_peak,wednesday,western,heavy_monsoon,20,Extreme,100
evening_peak,wednesday,harbour,light_rain,14,Extreme,100
mid_morning,friday,central,heavy_monsoon,19,Moderate,57
early_morning,tuesday,western,heavy_monsoon,18,Low,27
morning_peak,wednesday,central,clear,16,Extreme,100
early_morning,sunday,western,clear,1,Minimal,9
late_night,saturday,harbour,heavy_monsoon,15,Minimal,11
early_morning,tuesday,central,heavy_monsoon,15,Low,32
night,sunday,central,light_rain,10,Minimal,12
late_night,wednesday,western,heavy_monsoon,14,Low,33
night,friday,western,light_rain,8,Moderate,46
mid_morning,thursday,western,heavy_monsoon,20,Moderate,57
late_night,friday,central,clear,2,Minimal,7
evening_peak,sunday,harbour,clear,2,Moderate,52
early_morning,monday,harbour,heavy_monsoon,16,Moderate,42
morning_peak,wednesday,western,light_rain,14,Extreme,100
afternoon,sunday,harbour,light_rain,2,Minimal,10
early_morning,monday,western,light_rain,4,Low,24
early_morning,monday,harbour,heavy_monsoon,12,Moderate,46
mid_morning,saturday,central,heavy_monsoon,14,Low,27
evening_peak,tuesday,western,clear,15,Extreme,100
afternoon,saturday,harbour,clear,3,Minimal,12
late_night,wednesday,central,heavy_monsoon,15,Minimal,14
late_night,monday,harbour,clear,1,Minimal,6
late_night,sunday,central,light_rain,8,Minimal,14
night,thursday,central,light_rain,6,Low,26
night,monday,harbour,heavy_monsoon,14,Moderate,55
morning_peak,sunday,harbour,light_rain,8,Moderate,49
afternoon,thursday,central,heavy_monsoon,18,Low,34
late_night,saturday,central,light_rain,4,Minimal,5
night,saturday,central,heavy_monsoon,11,Low,34
morning_peak,tuesday,western,light_rain,14,Extreme,100
evening_peak,sunday,central,light_rain,8,Moderate,55
morning_peak,monday,western,clear,11,Extreme,100
night,friday,central,clear,3,Low,20
mid_morning,saturday,western,clear,1,Minimal,14
mid_morning,saturday,central,clear,0,Minimal,12
late_night,tuesday,central,clear,4,Minimal,5
mid_morning,thursday,central,clear,9,Moderate,48
late_night,tuesday,harbour,heavy_monsoon,15,Low,25
late_night,monday,harbour,heavy_monsoon,13,Low,27
night,sunday,central,clear,5,Minimal,14
mid_morning,wednesday,western,heavy_monsoon,14,Moderate,52
late_night,wednesday,western,clear,0,Minimal,13
afternoon,sunday,central,heavy_monsoon,14,Low,27
evening_peak,thursday,harbour,light_rain,16,Extreme,100
morning_peak,saturday,western,heavy_monsoon,21,Moderate,56
morning_peak,thursday,harbour,heavy_monsoon,15,Extreme,100
night,saturday,western,heavy_monsoon,11,Minimal,12
mid_morning,saturday,central,light_rain,9,Minimal,15
mid_morning,wednesday,harbour,clear,3,Low,33
late_night,thursday,western,heavy_monsoon,17,Low,24
early_morning,tuesday,central,heavy_monsoon,18,Low,30
late_night,saturday,central,light_rain,1,Minimal,4
evening_peak,friday,central,clear,16,Extreme,100
afternoon,friday,harbour,heavy_monsoon,17,Moderate,53
morning_peak,tuesday,harbour,light_rain,13,Extreme,100
late_night,friday,central,clear,6,Low,22
early_morning,monday,harbour,clear,1,Minimal,12
early_morning,saturday,western,heavy_monsoon,10,Low,23
late_night,tuesday,central,heavy_monsoon,16,Low,22
night,thursday,central,heavy_monsoon,17,Low,28
morning_peak,saturday,harbour,heavy_monsoon,19,Moderate,58
night,tuesday,central,light_rain,8,Low,28
afternoon,wednesday,western,light_rain,4,Moderate,46
early_morning,thursday,harbour,heavy_monsoon,13,Low,33
early_morning,wednesday,harbour,clear,0,Minimal,13
evening_peak,saturday,central,heavy_monsoon,21,Moderate,58
afternoon,thursday,central,clear,4,Low,29
early_morning,friday,central,clear,4,Low,21
afternoon,tuesday,harbour,clear,3,Low,32
morning_peak,saturday,central,light_rain,10,Moderate,55
mid_morning,monday,western,clear,4,Low,32
early_morning,thursday,central,clear,5,Minimal,13
evening_peak,thursday,central,light_rain,16,Extreme,100
morning_peak,sunday,harbour,clear,5,Moderate,49
late_night,saturday,central,clear,0,Minimal,10
afternoon,saturday,harbour,heavy_monsoon,19,Low,34
late_night,wednesday,central,clear,5,Minimal,8
night,sunday,western,clear,2,Minimal,11
morning_peak,friday,western,clear,10,Extreme,99
late_night,wednesday,harbour,clear,0,Minimal,8
early_morning,sunday,harbour,clear,3,Minimal,1
afternoon,wednesday,central,light_rain,11,Low,26
mid_morning,friday,central,clear,7,Moderate,43
morning_peak,sunday,western,clear,7,Moderate,45
early_morning,sunday,central,light_rain,3,Minimal,13
evening_peak,monday,western,light_rain,20,Extreme,100
night,wednesday,harbour,clear,1,Low,20
afternoon,wednesday,central,clear,6,Low,27
morning_peak,thursday,harbour,clear,8,Extreme,100
morning_peak,friday,central,heavy_monsoon,27,Extreme,100
mid_morning,tuesday,western,heavy_monsoon,17,Moderate,58
mid_morning,monday,harbour,clear,5,Moderate,50
evening_peak,sunday,harbour,light_rain,7,Moderate,50
night,sunday,central,clear,1,Minimal,6
evening_peak,sunday,harbour,light_rain,5,High,64
early_morning,monday,western,light_rain,8,Minimal,10
early_morning,sunday,harbour,light_rain,5,Minimal,10
evening_peak,sunday,harbour,clear,4,Low,29
night,friday,central,clear,4,Low,23
evening_peak,saturday,harbour,light_rain,6,High,66
night,saturday,central,heavy_monsoon,16,Minimal,15
night,thursday,central,heavy_monsoon,19,Low,32
late_night,thursday,harbour,heavy_monsoon,16,Minimal,14
afternoon,sunday,western,light_rain,6,Minimal,11
night,friday,central,clear,3,Minimal,10
mid_morning,sunday,harbour,light_rain,3,Minimal,14
night,thursday,central,heavy_monsoon,14,Moderate,43
night,monday,western,clear,0,Low,24
night,monday,western,light_rain,9,Low,23
late_night,tuesday,central,light_rain,5,Minimal,13
late_night,saturday,western,heavy_monsoon,12,Minimal,5
early_morning,friday,harbour,light_rain,3,Low,31
late_night,wednesday,harbour,clear,2,Minimal,9
mid_morning,saturday,central,heavy_monsoon,12,Low,34
mid_morning,wednesday,western,heavy_monsoon,16,Moderate,50
late_night,tuesday,harbour,clear,0,Minimal,12
evening_peak,tuesday,harbour,heavy_monsoon,21,Extreme,100
afternoon,sunday,harbour,light_rain,7,Minimal,13
late_night,thursday,central,light_rain,6,Minimal,13
night,tuesday,central,heavy_monsoon,14,Low,29
morning_peak,tuesday,harbour,clear,8,Extreme,99
afternoon,wednesday,harbour,light_rain,6,Low,33
afternoon,thursday,western,clear,3,Moderate,47
mid_morning,tuesday,western,light_rain,9,Moderate,45
afternoon,saturday,western,light_rain,6,Minimal,13
late_night,tuesday,central,heavy_monsoon,15,Low,27
night,thursday,harbour,heavy_monsoon,16,Low,28
night,sunday,central,clear,9,Minimal,14
early_morning,friday,harbour,heavy_monsoon,18,Low,30
night,thursday,western,light_rain,7,Low,27
night,wednesday,western,light_rain,6,Low,31
mid_morning,friday,western,clear,4,Moderate,47
night,saturday,western,clear,1,Minimal,11
early_morning,monday,harbour,light_rain,8,Low,23
morning_peak,thursday,western,heavy_monsoon,25,Extreme,100
late_night,sunday,harbour,heavy_monsoon,10,Low,27
mid_morning,wednesday,harbour,clear,6,Moderate,42
morning_peak,saturday,central,clear,9,Low,33
mid_morning,friday,western,light_rain,10,Moderate,50
evening_peak,saturday,western,light_rain,11,High,66
afternoon,thursday,central,clear,9,Low,22
evening_peak,tuesday,harbour,light_rain,8,Extreme,100
night,sunday,western,clear,2,Minimal,5
morning_peak,thursday,harbour,clear,7,High,81
night,monday,central,heavy_monsoon,19,Low,32
afternoon,thursday,harbour,clear,1,Low,28
mid_morning,friday,western,light_rain,9,Moderate,42
afternoon,friday,harbour,heavy_monsoon,17,Moderate,56
early_morning,thursday,harbour,heavy_monsoon,14,Low,24
afternoon,friday,western,light_rain,7,Moderate,42
early_morning,tuesday,western,light_rain,2,Low,26
afternoon,saturday,harbour,light_rain,4,Low,20
late_night,thursday,harbour,clear,1,Minimal,7
early_morning,sunday,central,heavy_monsoon,14,Low,20
morning_peak,tuesday,western,clear,11,High,80
night,saturday,harbour,clear,3,Minimal,14
night,sunday,western,clear,0,Minimal,9
evening_peak,sunday,central,clear,6,Moderate,52
night,sunday,harbour,heavy_monsoon,14,Low,21
mid_morning,saturday,harbour,heavy_monsoon,14,Moderate,43
late_night,tuesday,harbour,clear,0,Minimal,5
afternoon,sunday,western,light_rain,7,Low,21
evening_peak,sunday,central,heavy_monsoon,20,High,71
mid_morning,wednesday,western,clear,7,Moderate,53
mid_morning,thursday,harbour,light_rain,9,Moderate,52
early_morning,saturday,central,light_rain,5,Minimal,11
night,saturday,harbour,clear,1,Minimal,10
morning_peak,friday,harbour,heavy_monsoon,18,Extreme,100
morning_peak,saturday,western,light_rain,9,Moderate,54
evening_peak,tuesday,harbour,heavy_monsoon,20,Extreme,100
late_night,saturday,central,heavy_monsoon,14,Low,21
morning_peak,wednesday,harbour,light_rain,10,Extreme,100
afternoon,thursday,harbour,clear,6,Low,21
morning_peak,thursday,western,light_rain,13,Extreme,100
evening_peak,saturday,central,light_rain,12,High,69
morning_peak,sunday,western,heavy_monsoon,18,High,61
afternoon,monday,harbour,clear,1,Low,21
early_morning,monday,western,heavy_monsoon,15,Moderate,50
late_night,sunday,western,light_rain,4,Minimal,6
evening_peak,sunday,western,clear,8,Low,31
early_morning,sunday,western,clear,2,Minimal,11
early_morning,tuesday,harbour,clear,0,Low,26
early_morning,monday,harbour,clear,4,Low,26
mid_morning,sunday,central,clear,1,Minimal,14
late_night,tuesday,western,light_rain,7,Minimal,8
night,friday,western,light_rain,9,Low,26
late_night,tuesday,central,light_rain,7,Minimal,15
mid_morning,monday,western,heavy_monsoon,21,Moderate,50
night,saturday,central,clear,3,Minimal,3
late_night,friday,harbour,clear,2,Minimal,11
early_morning,monday,central,light_rain,6,Low,20
evening_peak,tuesday,western,clear,12,Extreme,100
night,wednesday,central,heavy_monsoon,17,Moderate,53
afternoon,thursday,harbour,clear,5,Low,26
afternoon,monday,western,clear,6,Low,33
morning_peak,sunday,harbour,heavy_monsoon,15,High,65
night,tuesday,harbour,light_rain,3,Low,24
evening_peak,sunday,central,light_rain,9,Moderate,55
mid_morning,sunday,harbour,clear,1,Minimal,13
early_morning,sunday,western,heavy_monsoon,15,Low,23
morning_peak,sunday,harbour,light_rain,9,High,61
afternoon,sunday,harbour,light_rain,9,Low,20
mid_morning,friday,central,light_rain,11,Moderate,47
mid_morning,monday,harbour,clear,6,Moderate,47
early_morning,monday,central,heavy_monsoon,15,Low,29
night,thursday,central,clear,7,Low,20
afternoon,tuesday,western,light_rain,7,Moderate,45
evening_peak,wednesday,western,heavy_monsoon,24,Extreme,100
mid_morning,friday,western,clear,8,Low,31
early_morning,tuesday,western,light_rain,5,Low,27
evening_peak,friday,central,light_rain,18,Extreme,100
night,monday,harbour,clear,1,Low,23
afternoon,sunday,western,light_rain,7,Low,25
night,thursday,western,light_rain,11,Low,24
mid_morning,thursday,western,heavy_monsoon,16,Moderate,57
evening_peak,saturday,harbour,light_rain,5,Moderate,56
evening_peak,wednesday,western,clear,12,Extreme,100
evening_peak,thursday,harbour,heavy_monsoon,23,Extreme,100
mid_morning,sunday,central,clear,4,Low,21
mid_morning,monday,central,light_rain,9,Moderate,48
night,wednesday,central,heavy_monsoon,17,Low,34
morning_peak,tuesday,harbour,heavy_monsoon,20,Extreme,100
night,sunday,western,heavy_monsoon,12,Low,23
afternoon,sunday,western,heavy_monsoon,16,Minimal,15
early_morning,thursday,western,clear,2,Low,29
evening_peak,wednesday,western,light_rain,15,Extreme,100
morning_peak,monday,western,light_rain,18,Extreme,100
early_morning,saturday,harbour,heavy_monsoon,14,Minimal,14
morning_peak,friday,central,light_rain,18,Extreme,100
late_night,friday,western,clear,4,Minimal,15
night,monday,central,light_rain,8,Low,29
mid_morning,monday,harbour,clear,1,Low,24
evening_peak,friday,harbour,clear,12,High,78
night,saturday,western,light_rain,6,Minimal,13
early_morning,wednesday,harbour,clear,5,Minimal,15
late_night,friday,central,clear,6,Minimal,9
late_night,monday,western,clear,4,Minimal,4
late_night,thursday,western,clear,0,Minimal,10
early_morning,tuesday,central,heavy_monsoon,13,Low,31
early_morning,saturday,western,light_rain,4,Minimal,14
early_morning,sunday,western,heavy_monsoon,12,Low,25
early_morning,saturday,central,clear,4,Minimal,7
late_night,thursday,western,light_rain,6,Minimal,10
late_night,thursday,western,clear,1,Minimal,5
morning_peak,sunday,central,light_rain,15,Moderate,59
night,monday,harbour,heavy_monsoon,18,Moderate,49
evening_peak,friday,central,light_rain,17,Extreme,100
mid_morning,wednesday,western,clear,5,Moderate,45
late_night,saturday,central,light_rain,4,Minimal,0
mid_morning,sunday,western,light_rain,8,Minimal,13
night,saturday,western,heavy_monsoon,13,Low,33
night,thursday,central,clear,5,Low,28
mid_morning,friday,western,light_rain,9,Moderate,42
late_night,saturday,harbour,heavy_monsoon,14,Minimal,15
mid_morning,wednesday,western,light_rain,6,Low,32
morning_peak,thursday,central,clear,15,Extreme,100
afternoon,wednesday,harbour,light_rain,4,Low,29
late_night,friday,harbour,light_rain,5,Minimal,9
late_night,saturday,western,light_rain,9,Minimal,6
evening_peak,tuesday,central,light_rain,18,Extreme,100
early_morning,saturday,western,clear,4,Low,21
afternoon,friday,western,heavy_monsoon,15,Moderate,55
night,saturday,central,heavy_monsoon,12,Low,29
late_night,sunday,central,light_rain,8,Minimal,15
mid_morning,saturday,western,clear,3,Minimal,11
afternoon,monday,harbour,clear,4,Low,27
evening_peak,saturday,western,clear,6,Moderate,51
night,saturday,harbour,clear,1,Minimal,12
early_morning,wednesday,western,clear,5,Minimal,15
early_morning,tuesday,central,clear,5,Low,26
evening_peak,wednesday,harbour,light_rain,11,Extreme,100
evening_peak,wednesday,central,heavy_monsoon,26,Extreme,100
mid_morning,thursday,central,heavy_monsoon,20,High,61
late_night,monday,central,light_rain,4,Low,21
early_morning,wednesday,central,heavy_monsoon,16,Moderate,44
night,sunday,central,clear,2,Minimal,12
afternoon,friday,western,clear,6,Moderate,44
night,sunday,harbour,heavy_monsoon,13,Low,21
morning_peak,friday,western,clear,10,High,79
morning_peak,saturday,western,clear,5,Low,26
evening_peak,thursday,western,heavy_monsoon,27,Extreme,100
mid_morning,monday,central,light_rain,10,Moderate,51
morning_peak,sunday,western,heavy_monsoon,18,Moderate,53
early_morning,monday,harbour,heavy_monsoon,16,Moderate,45
night,sunday,western,heavy_monsoon,12,Low,26
night,saturday,central,heavy_monsoon,14,Low,30
evening_peak,friday,harbour,light_rain,12,Extreme,100
late_night,tuesday,harbour,light_rain,8,Minimal,9
late_night,thursday,harbour,clear,2,Minimal,10
afternoon,sunday,harbour,clear,1,Low,25
evening_peak,sunday,western,heavy_monsoon,19,High,69
afternoon,saturday,central,clear,5,Minimal,11
late_night,thursday,harbour,light_rain,7,Low,23
evening_peak,friday,harbour,clear,9,Extreme,100
evening_peak,friday,central,clear,18,Extreme,100
evening_peak,sunday,western,clear,5,Moderate,49
late_night,tuesday,harbour,heavy_monsoon,15,Low,26
afternoon,tuesday,western,clear,3,Low,27
afternoon,monday,western,light_rain,8,Low,26
evening_peak,thursday,western,light_rain,16,Extreme,100
morning_peak,thursday,western,light_rain,15,Extreme,100
mid_morning,friday,harbour,light_rain,6,Moderate,57
late_night,monday,harbour,clear,0,Minimal,15
mid_morning,saturday,western,heavy_monsoon,14,Moderate,44
mid_morning,thursday,western,light_rain,10,Moderate,46
afternoon,monday,central,light_rain,5,Moderate,43
afternoon,monday,central,heavy_monsoon,18,Moderate,52
morning_peak,sunday,central,heavy_monsoon,21,Moderate,53
mid_morning,friday,harbour,light_rain,8,Moderate,53
mid_morning,monday,central,light_rain,12,Low,34
evening_peak,tuesday,harbour,heavy_monsoon,24,Extreme,100
afternoon,tuesday,harbour,light_rain,8,Low,29
mid_morning,wednesday,harbour,light_rain,9,Low,32
night,friday,harbour,clear,1,Low,29
morning_peak,sunday,central,heavy_monsoon,21,High,62
night,saturday,western,clear,4,Minimal,13
night,wednesday,western,clear,5,Low,21
late_night,tuesday,western,heavy_monsoon,12,Low,22
late_night,sunday,central,clear,4,Minimal,0
morning_peak,wednesday,western,light_rain,15,Extreme,100
night,friday,central,clear,7,Low,25
mid_morning,sunday,central,heavy_monsoon,15,Low,29
afternoon,friday,central,light_rain,9,Moderate,47
morning_peak,monday,western,light_rain,16,Extreme,99
evening_peak,thursday,western,light_rain,16,Extreme,100
night,monday,western,light_rain,6,Minimal,13
morning_peak,friday,harbour,clear,8,High,76
early_morning,sunday,central,clear,0,Minimal,12
early_morning,tuesday,harbour,light_rain,10,Low,31
late_night,saturday,central,heavy_monsoon,8,Minimal,14
afternoon,tuesday,western,light_rain,7,Low,26
mid_morning,sunday,central,clear,5,Minimal,14
afternoon,monday,central,light_rain,7,Low,23
afternoon,saturday,harbour,clear,1,Minimal,12
afternoon,sunday,central,light_rain,6,Low,26
afternoon,friday,western,heavy_monsoon,17,Moderate,48
evening_peak,tuesday,central,light_rain,17,Extreme,100
evening_peak,friday,central,heavy_monsoon,25,Extreme,100
late_night,saturday,central,heavy_monsoon,15,Low,20
morning_peak,saturday,harbour,light_rain,7,Moderate,59
early_morning,tuesday,central,heavy_monsoon,14,Low,27
afternoon,friday,central,heavy_monsoon,18,Low,30
late_night,wednesday,harbour,clear,0,Minimal,9
morning_peak,friday,harbour,clear,8,High,79
early_morning,saturday,harbour,heavy_monsoon,17,Low,29
night,friday,harbour,light_rain,9,Low,27
mid_morning,sunday,western,heavy_monsoon,14,Moderate,47
evening_peak,monday,western,light_rain,16,Extreme,100
night,wednesday,central,clear,3,Low,21
early_morning,thursday,western,light_rain,6,Low,24
night,sunday,central,heavy_monsoon,14,Moderate,43
mid_morning,monday,western,heavy_monsoon,15,High,61
late_night,thursday,harbour,heavy_monsoon,13,Low,25
early_morning,tuesday,harbour,heavy_monsoon,16,Low,23
night,thursday,western,heavy_monsoon,14,Low,34
evening_peak,sunday,western,light_rain,13,High,65
evening_peak,friday,central,heavy_monsoon,30,Extreme,100
morning_peak,sunday,central,clear,6,Low,33
night,thursday,central,heavy_monsoon,16,Low,25
afternoon,saturday,harbour,light_rain,7,Minimal,8
night,monday,harbour,heavy_monsoon,17,Moderate,47
late_night,monday,harbour,heavy_monsoon,11,Low,31
early_morning,thursday,harbour,light_rain,5,Low,21
early_morning,monday,central,heavy_monsoon,15,Low,30
late_night,saturday,harbour,light_rain,3,Minimal,8
night,sunday,harbour,heavy_monsoon,12,Low,21
late_night,monday,harbour,clear,0,Low,21
mid_morning,thursday,harbour,heavy_monsoon,15,Moderate,54
late_night,wednesday,western,light_rain,8,Minimal,13
evening_peak,wednesday,central,clear,14,Extreme,100
late_night,tuesday,central,light_rain,3,Low,20
early_morning,monday,harbour,heavy_monsoon,11,Moderate,46
evening_peak,sunday,western,clear,7,Moderate,47
early_morning,thursday,central,light_rain,6,Low,26
morning_peak,monday,central,clear,13,Extreme,98
afternoon,friday,harbour,clear,6,Low,30
early_morning,saturday,harbour,light_rain,2,Minimal,9
evening_peak,monday,central,clear,12,Extreme,100
morning_peak,monday,central,light_rain,19,Extreme,100
early_morning,wednesday,western,clear,8,Low,31
mid_morning,saturday,central,clear,4,Minimal,12
late_night,thursday,central,clear,3,Minimal,7
afternoon,monday,harbour,heavy_monsoon,17,Moderate,51
early_morning,wednesday,central,heavy_monsoon,16,Moderate,48
morning_peak,tuesday,harbour,light_rain,10,Extreme,100
mid_morning,saturday,central,clear,6,Minimal,13
night,wednesday,central,light_rain,11,Low,32
morning_peak,wednesday,central,heavy_monsoon,26,Extreme,100
late_night,sunday,western,heavy_monsoon,10,Minimal,13
morning_peak,wednesday,harbour,heavy_monsoon,21,Extreme,100
mid_morning,sunday,western,heavy_monsoon,15,Low,27
morning_peak,monday,central,light_rain,17,Extreme,100
mid_morning,monday,western,clear,8,Moderate,50
early_morning,tuesday,harbour,light_rain,3,Low,26
mid_morning,friday,central,clear,5,Low,31
mid_morning,friday,western,heavy_monsoon,20,Moderate,56
afternoon,friday,western,clear,6,Low,31
mid_morning,sunday,harbour,heavy_monsoon,14,Low,33
mid_morning,saturday,western,light_rain,6,Minimal,14
night,saturday,harbour,clear,2,Minimal,6
early_morning,tuesday,central,light_rain,5,Low,28
late_night,saturday,central,heavy_monsoon,12,Low,25
afternoon,friday,western,light_rain,10,Low,31
night,friday,central,heavy_monsoon,19,Low,33
evening_peak,wednesday,central,heavy_monsoon,27,Extreme,100
early_morning,saturday,western,heavy_monsoon,18,Low,27
early_morning,monday,central,light_rain,7,Low,25
evening_peak,monday,western,light_rain,12,Extreme,100
late_night,wednesday,harbour,clear,3,Minimal,11
mid_morning,wednesday,harbour,clear,6,Low,25
night,wednesday,harbour,light_rain,4,Moderate,44
morning_peak,monday,western,light_rain,14,Extreme,100
afternoon,friday,western,light_rain,6,Low,32
morning_peak,wednesday,central,light_rain,21,Extreme,100
evening_peak,tuesday,central,heavy_monsoon,29,Extreme,100
early_morning,sunday,central,heavy_monsoon,15,Low,24
late_night,wednesday,central,heavy_monsoon,11,Low,27
early_morning,sunday,central,light_rain,4,Low,24
afternoon,thursday,western,heavy_monsoon,15,Moderate,47
early_morning,wednesday,western,heavy_monsoon,20,Moderate,42
early_morning,monday,harbour,clear,0,Low,20
afternoon,saturday,harbour,clear,0,Minimal,13
night,wednesday,harbour,heavy_monsoon,13,Moderate,53
night,saturday,harbour,heavy_monsoon,14,Low,27
afternoon,thursday,western,heavy_monsoon,19,Moderate,56
late_night,tuesday,western,light_rain,4,Minimal,14
evening_peak,saturday,western,clear,6,High,62
early_morning,sunday,central,clear,0,Minimal,6
late_night,friday,central,clear,2,Minimal,10
early_morning,wednesday,harbour,heavy_monsoon,15,Low,31
evening_peak,thursday,central,light_rain,18,Extreme,100
night,thursday,western,clear,5,Low,31
late_night,saturday,harbour,clear,4,Minimal,6
mid_morning,tuesday,harbour,light_rain,6,Moderate,46
mid_morning,monday,central,heavy_monsoon,17,High,63
mid_morning,wednesday,harbour,heavy_monsoon,16,High,61
night,thursday,central,clear,5,Minimal,15
night,tuesday,central,clear,3,Low,20
evening_peak,friday,harbour,light_rain,13,Extreme,100
early_morning,thursday,central,clear,0,Minimal,11
evening_peak,tuesday,central,light_rain,18,Extreme,100
evening_peak,monday,central,clear,17,Extreme,100
night,monday,central,clear,4,Low,20
mid_morning,thursday,harbour,clear,5,Moderate,45
morning_peak,sunday,western,heavy_monsoon,18,Moderate,54
early_morning,thursday,western,light_rain,6,Low,21
night,saturday,central,light_rain,6,Low,24
mid_morning,wednesday,central,heavy_monsoon,16,High,64
late_night,tuesday,central,heavy_monsoon,16,Low,31
morning_peak,thursday,western,heavy_monsoon,23,Extreme,100
morning_peak,wednesday,central,light_rain,18,Extreme,100
night,saturday,harbour,clear,0,Minimal,6
afternoon,wednesday,harbour,heavy_monsoon,17,Moderate,47
early_morning,thursday,harbour,heavy_monsoon,18,Moderate,42
morning_peak,monday,western,heavy_monsoon,22,Extreme,100
night,tuesday,central,clear,3,Low,22
night,tuesday,central,clear,5,Low,23
mid_morning,monday,central,heavy_monsoon,17,High,63
late_night,sunday,western,clear,1,Minimal,1
afternoon,thursday,western,heavy_monsoon,16,Moderate,56
early_morning,tuesday,western,clear,4,Low,20
evening_peak,thursday,western,light_rain,13,Extreme,100
late_night,saturday,harbour,light_rain,6,Minimal,2
late_night,thursday,western,clear,1,Minimal,12
mid_morning,wednesday,western,light_rain,9,Moderate,42
morning_peak,monday,western,light_rain,15,Extreme,98
morning_peak,sunday,central,light_rain,9,Moderate,47
mid_morning,thursday,central,heavy_monsoon,22,Moderate,47
night,sunday,central,clear,0,Minimal,10
morning_peak,sunday,harbour,clear,5,Moderate,43
afternoon,saturday,harbour,clear,2,Minimal,8
early_morning,friday,western,light_rain,6,Low,25
late_night,monday,central,heavy_monsoon,17,Moderate,42
late_night,sunday,harbour,clear,0,Minimal,0
afternoon,tuesday,central,light_rain,10,Low,33
morning_peak,wednesday,harbour,heavy_monsoon,20,Extreme,100
late_night,tuesday,harbour,heavy_monsoon,14,Low,27
evening_peak,saturday,western,clear,9,Moderate,47
early_morning,saturday,western,clear,0,Minimal,6
early_morning,tuesday,harbour,light_rain,7,Low,31
late_night,monday,western,clear,4,Minimal,12
mid_morning,tuesday,harbour,light_rain,7,Moderate,49
late_night,thursday,harbour,heavy_monsoon,14,Low,24
mid_morning,tuesday,central,heavy_monsoon,21,Moderate,47
late_night,wednesday,western,heavy_monsoon,11,Minimal,13
evening_peak,wednesday,western,heavy_monsoon,23,Extreme,100
night,friday,western,clear,1,Minimal,13
early_morning,wednesday,central,clear,2,Low,25
late_night,tuesday,central,light_rain,8,Low,23
evening_peak,wednesday,central,light_rain,21,Extreme,100
mid_morning,monday,western,light_rain,5,Low,34
mid_morning,sunday,western,light_rain,5,Low,24
early_morning,wednesday,western,light_rain,6,Low,25
afternoon,thursday,central,heavy_monsoon,20,Low,32
late_night,monday,central,heavy_monsoon,14,Low,26
morning_peak,friday,harbour,heavy_monsoon,20,Extreme,100
mid_morning,thursday,central,light_rain,12,Moderate,49
night,tuesday,harbour,heavy_monsoon,19,Moderate,48
night,sunday,western,heavy_monsoon,14,Low,27
mid_morning,tuesday,central,heavy_monsoon,21,High,68
afternoon,sunday,western,heavy_monsoon,17,Low,30
afternoon,sunday,western,clear,1,Minimal,14
evening_peak,tuesday,western,light_rain,17,Extreme,100
night,thursday,western,light_rain,5,Low,31
evening_peak,thursday,central,clear,17,Extreme,100
night,sunday,western,heavy_monsoon,12,Low,30
late_night,thursday,harbour,heavy_monsoon,12,Low,33
late_night,sunday,central,heavy_monsoon,13,Low,21
morning_peak,sunday,western,light_rain,10,Moderate,47
late_night,monday,central,light_rain,8,Minimal,13
morning_peak,saturday,harbour,light_rain,8,Low,33
late_night,monday,western,light_rain,2,Low,23
early_morning,tuesday,harbour,light_rain,5,Low,21
late_night,saturday,western,clear,0,Minimal,7
evening_peak,wednesday,harbour,light_rain,15,Extreme,100
mid_morning,tuesday,western,heavy_monsoon,20,Moderate,56
evening_peak,friday,central,light_rain,20,Extreme,100
mid_morning,monday,western,clear,3,Moderate,47
afternoon,thursday,central,heavy_monsoon,18,Moderate,52
evening_peak,monday,western,clear,10,Extreme,100
afternoon,thursday,western,heavy_monsoon,13,Moderate,45
morning_peak,saturday,harbour,light_rain,8,Moderate,54
morning_peak,friday,harbour,clear,7,Extreme,100
early_morning,saturday,harbour,heavy_monsoon,13,Low,21
late_night,friday,western,light_rain,5,Low,28
evening_peak,monday,western,heavy_monsoon,24,Extreme,100
afternoon,thursday,western,clear,6,Low,28
mid_morning,saturday,central,clear,1,Minimal,12
morning_peak,friday,central,clear,14,Extreme,99
late_night,sunday,western,clear,4,Minimal,2
morning_peak,tuesday,harbour,light_rain,11,Extreme,100
mid_morning,tuesday,harbour,heavy_monsoon,16,High,63
late_night,saturday,harbour,light_rain,2,Minimal,3
late_night,thursday,western,clear,2,Minimal,10
afternoon,sunday,harbour,heavy_monsoon,14,Low,28
afternoon,saturday,western,clear,2,Minimal,6
evening_peak,monday,central,light_rain,18,Extreme,100
evening_peak,friday,harbour,light_rain,13,Extreme,100
night,monday,central,light_rain,8,Moderate,43
night,tuesday,harbour,heavy_monsoon,13,Low,28
early_morning,friday,western,heavy_monsoon,17,Moderate,49
morning_peak,saturday,western,clear,4,Moderate,45
evening_peak,monday,western,heavy_monsoon,25,Extreme,100
afternoon,wednesday,western,heavy_monsoon,13,Low,34
mid_morning,thursday,harbour,light_rain,5,Moderate,42
afternoon,sunday,central,clear,3,Low,21
morning_peak,sunday,western,light_rain,6,Moderate,47
night,thursday,harbour,clear,1,Low,24
afternoon,wednesday,central,clear,4,Low,24
early_morning,tuesday,western,heavy_monsoon,12,Moderate,46
morning_peak,friday,central,light_rain,22,Extreme,100
night,thursday,western,heavy_monsoon,19,Low,32
mid_morning,wednesday,central,heavy_monsoon,19,High,61
night,saturday,central,heavy_monsoon,13,Low,23
late_night,sunday,western,clear,1,Minimal,7
early_morning,wednesday,harbour,light_rain,5,Low,20
morning_peak,tuesday,central,light_rain,17,Extreme,100
mid_morning,tuesday,western,heavy_monsoon,19,High,61
early_morning,monday,central,clear,8,Minimal,11
night,thursday,central,light_rain,9,Low,28
early_morning,monday,harbour,light_rain,6,Low,25
morning_peak,sunday,central,heavy_monsoon,18,Moderate,54
evening_peak,wednesday,central,clear,16,Extreme,100
early_morning,friday,western,heavy_monsoon,14,Moderate,43
late_night,friday,western,light_rain,3,Minimal,13
early_morning,tuesday,harbour,clear,4,Minimal,13
night,friday,central,heavy_monsoon,19,Low,27
night,friday,central,light_rain,11,Low,27
mid_morning,sunday,central,heavy_monsoon,13,Moderate,43
night,friday,harbour,heavy_monsoon,16,Moderate,50
afternoon,wednesday,central,heavy_monsoon,15,Moderate,43
morning_peak,friday,western,clear,13,Extreme,100
morning_peak,saturday,harbour,light_rain,9,Moderate,56
evening_peak,friday,western,light_rain,14,Extreme,100
evening_peak,friday,western,light_rain,14,Extreme,100
morning_peak,monday,harbour,light_rain,13,Extreme,100
late_night,wednesday,western,clear,4,Minimal,10
evening_peak,tuesday,central,heavy_monsoon,30,Extreme,100
mid_morning,monday,harbour,light_rain,10,Moderate,44
night,thursday,western,clear,4,Minimal,13
morning_peak,wednesday,central,heavy_monsoon,27,Extreme,100
evening_peak,saturday,central,clear,10,Low,33
morning_peak,wednesday,western,clear,12,Extreme,100
afternoon,thursday,central,light_rain,7,Moderate,44
early_morning,thursday,harbour,light_rain,1,Low,23
night,thursday,western,heavy_monsoon,18,Low,34
morning_peak,sunday,central,heavy_monsoon,18,High,61
early_morning,tuesday,central,light_rain,7,Low,28
evening_peak,friday,western,clear,13,Extreme,100
early_morning,wednesday,western,light_rain,6,Low,20
night,sunday,western,heavy_monsoon,11,Low,26
morning_peak,friday,western,clear,6,High,75
afternoon,friday,harbour,clear,1,Low,32
late_night,saturday,western,clear,0,Minimal,7
evening_peak,thursday,harbour,light_rain,10,Extreme,100
morning_peak,tuesday,harbour,light_rain,11,Extreme,100
night,saturday,western,heavy_monsoon,13,Minimal,13
evening_peak,monday,harbour,clear,9,Extreme,100
mid_morning,sunday,western,clear,4,Minimal,15
early_morning,sunday,western,light_rain,5,Minimal,9
late_night,tuesday,central,heavy_monsoon,15,Low,27
night,friday,western,heavy_monsoon,15,Moderate,42
mid_morning,sunday,central,clear,4,Low,21
morning_peak,tuesday,harbour,light_rain,8,High,82
afternoon,sunday,central,clear,0,Minimal,10
evening_peak,sunday,harbour,light_rain,9,Moderate,42
early_morning,thursday,western,heavy_monsoon,15,Moderate,45
evening_peak,monday,harbour,clear,10,High,81
late_night,thursday,harbour,clear,3,Minimal,11
morning_peak,monday,western,clear,11,Extreme,100
evening_peak,sunday,harbour,heavy_monsoon,14,High,65
early_morning,saturday,western,clear,3,Minimal,5
morning_peak,friday,central,heavy_monsoon,25,Extreme,100
evening_peak,sunday,western,light_rain,9,Moderate,51
afternoon,monday,western,heavy_monsoon,15,Moderate,53
night,monday,harbour,light_rain,2,Low,28
morning_peak,monday,central,heavy_monsoon,27,Extreme,100
night,sunday,western,heavy_monsoon,14,Low,20
morning_peak,tuesday,central,clear,17,Extreme,98
afternoon,saturday,central,heavy_monsoon,18,Low,34
night,tuesday,harbour,clear,3,Low,33
mid_morning,friday,western,light_rain,6,Moderate,57
early_morning,sunday,harbour,light_rain,4,Minimal,11
mid_morning,monday,western,clear,5,Low,28
evening_peak,saturday,central,light_rain,13,Moderate,48
afternoon,saturday,western,heavy_monsoon,13,Low,25
mid_morning,wednesday,western,clear,8,Moderate,42
morning_peak,friday,central,clear,9,High,80
evening_peak,saturday,central,clear,5,Moderate,53
evening_peak,sunday,western,light_rain,7,Moderate,52
mid_morning,monday,harbour,light_rain,11,Moderate,52
mid_morning,monday,western,heavy_monsoon,15,High,62
afternoon,saturday,central,heavy_monsoon,14,Low,32
early_morning,tuesday,harbour,clear,2,Minimal,11
mid_morning,friday,central,heavy_monsoon,17,Moderate,59
late_night,monday,central,light_rain,7,Minimal,15
mid_morning,saturday,harbour,heavy_monsoon,13,Low,22
night,monday,central,light_rain,6,Low,21
morning_peak,saturday,central,heavy_monsoon,22,Moderate,58
late_night,friday,central,light_rain,6,Minimal,13
late_night,saturday,central,light_rain,5,Minimal,12
night,wednesday,central,heavy_monsoon,21,Low,32
night,saturday,central,heavy_monsoon,17,Low,26
evening_peak,saturday,central,light_rain,10,Moderate,53
early_morning,sunday,central,clear,3,Minimal,7
morning_peak,friday,central,heavy_monsoon,27,Extreme,100
afternoon,sunday,western,light_rain,11,Low,20
late_night,saturday,western,heavy_monsoon,11,Low,21
afternoon,friday,central,heavy_monsoon,17,High,61
mid_morning,wednesday,western,heavy_monsoon,17,Moderate,58
mid_morning,friday,harbour,heavy_monsoon,18,High,61
afternoon,monday,western,heavy_monsoon,19,Moderate,54
mid_morning,sunday,central,clear,9,Low,21
early_morning,friday,central,clear,6,Minimal,13
night,wednesday,western,clear,8,Low,21
mid_morning,thursday,central,light_rain,13,Moderate,54
evening_peak,saturday,harbour,clear,5,Moderate,59
mid_morning,friday,harbour,clear,4,Moderate,51
morning_peak,saturday,central,light_rain,11,Moderate,49
early_morning,tuesday,harbour,clear,3,Minimal,15
morning_peak,monday,harbour,heavy_monsoon,20,Extreme,100
morning_peak,sunday,western,clear,7,Low,26
evening_peak,monday,harbour,clear,10,Extreme,100
early_morning,tuesday,western,clear,6,Minimal,10
early_morning,tuesday,central,heavy_monsoon,14,Low,33
early_morning,sunday,western,heavy_monsoon,12,Minimal,13
early_morning,friday,central,heavy_monsoon,15,Low,30
early_morning,tuesday,central,heavy_monsoon,14,Low,26
evening_peak,thursday,central,light_rain,18,Extreme,100
mid_morning,saturday,central,heavy_monsoon,13,Low,32
morning_peak,saturday,central,heavy_monsoon,23,High,65
early_morning,wednesday,western,heavy_monsoon,18,Low,22
late_night,tuesday,central,heavy_monsoon,12,Low,25
mid_morning,tuesday,harbour,light_rain,9,Moderate,52
mid_morning,thursday,harbour,clear,2,Moderate,49
morning_peak,monday,central,clear,14,Extreme,100
evening_peak,monday,harbour,heavy_monsoon,20,Extreme,100
afternoon,saturday,western,heavy_monsoon,16,Low,30
afternoon,saturday,western,heavy_monsoon,12,Low,24
mid_morning,friday,central,clear,9,Moderate,44
night,sunday,central,clear,3,Minimal,7
night,thursday,central,heavy_monsoon,19,Low,34
morning_peak,sunday,harbour,clear,0,Moderate,46
afternoon,sunday,harbour,light_rain,6,Low,22
mid_morning,wednesday,western,heavy_monsoon,17,Moderate,46
evening_peak,sunday,harbour,heavy_monsoon,16,High,62
afternoon,wednesday,western,light_rain,6,Moderate,44
mid_morning,sunday,harbour,light_rain,5,Low,31
mid_morning,thursday,western,clear,5,Moderate,50
early_morning,wednesday,central,light_rain,7,Low,25
evening_peak,monday,harbour,heavy_monsoon,20,Extreme,100
early_morning,wednesday,western,clear,3,Low,27
morning_peak,wednesday,harbour,light_rain,11,Extreme,100
early_morning,thursday,central,clear,4,Low,28
late_night,thursday,western,clear,4,Minimal,15
early_morning,wednesday,harbour,clear,0,Minimal,12
late_night,tuesday,harbour,clear,0,Minimal,14
afternoon,thursday,central,light_rain,10,Moderate,47
night,friday,central,heavy_monsoon,13,Moderate,48
mid_morning,friday,western,heavy_monsoon,19,Moderate,52
late_night,monday,harbour,light_rain,4,Minimal,10
evening_peak,sunday,harbour,heavy_monsoon,17,High,68
early_morning,wednesday,central,clear,7,Minimal,11
late_night,tuesday,central,clear,2,Minimal,5
evening_peak,monday,western,clear,14,Extreme,98
night,wednesday,harbour,light_rain,6,Low,21
night,thursday,harbour,clear,3,Low,28
early_morning,friday,western,clear,2,Low,20
morning_peak,saturday,western,light_rain,7,Moderate,51
early_morning,tuesday,central,clear,1,Low,23
afternoon,saturday,central,clear,2,Minimal,11
late_night,friday,western,heavy_monsoon,14,Minimal,12
mid_morning,sunday,western,light_rain,5,Low,24
morning_peak,sunday,harbour,clear,4,Moderate,59
early_morning,saturday,western,clear,4,Minimal,8
evening_peak,thursday,western,clear,10,Extreme,100
morning_peak,wednesday,harbour,clear,10,Extreme,100
late_night,thursday,western,heavy_monsoon,17,Low,25
morning_peak,saturday,central,heavy_monsoon,20,High,70
late_night,thursday,central,heavy_monsoon,12,Low,34
early_morning,friday,harbour,heavy_monsoon,16,Moderate,57
late_night,tuesday,western,light_rain,4,Low,26
morning_peak,thursday,central,clear,15,Extreme,98
evening_peak,friday,central,heavy_monsoon,28,Extreme,100
night,tuesday,central,clear,3,Low,22
morning_peak,sunday,central,light_rain,11,Moderate,49
late_night,wednesday,western,clear,3,Minimal,9
night,saturday,western,clear,3,Minimal,11
late_night,sunday,western,heavy_monsoon,14,Minimal,10
evening_peak,wednesday,western,heavy_monsoon,27,Extreme,100
late_night,sunday,central,light_rain,4,Minimal,7
early_morning,monday,harbour,clear,2,Minimal,15
mid_morning,sunday,harbour,heavy_monsoon,16,Low,31
morning_peak,friday,central,heavy_monsoon,26,Extreme,100
mid_morning,tuesday,central,heavy_monsoon,21,High,61
late_night,sunday,harbour,light_rain,6,Minimal,8
evening_peak,thursday,harbour,clear,10,Extreme,100
morning_peak,wednesday,central,heavy_monsoon,25,Extreme,100
late_night,sunday,central,clear,3,Minimal,4
night,tuesday,western,light_rain,7,Low,28
afternoon,friday,western,clear,5,Low,34
late_night,monday,harbour,heavy_monsoon,12,Low,25
mid_morning,wednesday,central,clear,8,Low,27
morning_peak,saturday,harbour,clear,5,Moderate,54
mid_morning,tuesday,western,light_rain,8,Moderate,42
morning_peak,saturday,western,light_rain,10,Moderate,53
late_night,tuesday,harbour,clear,5,Minimal,12
early_morning,tuesday,western,clear,1,Minimal,11
night,friday,central,clear,6,Low,24
late_night,friday,harbour,light_rain,4,Minimal,15
mid_morning,friday,central,light_rain,11,Moderate,51
afternoon,sunday,central,clear,0,Low,21
afternoon,thursday,western,light_rain,10,Moderate,51
evening_peak,tuesday,central,heavy_monsoon,31,Extreme,100
morning_peak,wednesday,harbour,light_rain,11,Extreme,100
mid_morning,saturday,central,light_rain,9,Minimal,12
evening_peak,friday,central,light_rain,18,Extreme,100
mid_morning,sunday,central,heavy_monsoon,16,Moderate,45
morning_peak,friday,central,heavy_monsoon,26,Extreme,100
late_night,saturday,central,heavy_monsoon,14,Low,21
late_night,saturday,western,clear,2,Minimal,0
afternoon,tuesday,harbour,clear,4,Low,30
late_night,friday,western,heavy_monsoon,16,Low,25
late_night,saturday,harbour,clear,5,Minimal,5
early_morning,thursday,harbour,clear,1,Minimal,11
afternoon,thursday,harbour,clear,2,Low,25
evening_peak,friday,harbour,heavy_monsoon,21,Extreme,100
night,sunday,harbour,light_rain,2,Minimal,8
early_morning,saturday,central,heavy_monsoon,14,Minimal,12
evening_peak,tuesday,western,heavy_monsoon,23,Extreme,100
morning_peak,tuesday,western,clear,11,Extreme,100
early_morning,sunday,central,clear,3,Minimal,13
evening_peak,tuesday,harbour,light_rain,13,Extreme,100
morning_peak,monday,western,light_rain,15,Extreme,100
afternoon,friday,central,light_rain,10,Moderate,42
night,tuesday,central,light_rain,8,Moderate,44
morning_peak,thursday,western,heavy_monsoon,25,Extreme,100
late_night,saturday,western,light_rain,9,Minimal,8
mid_morning,wednesday,harbour,heavy_monsoon,16,Moderate,52
morning_peak,sunday,harbour,clear,6,Moderate,56
morning_peak,wednesday,western,light_rain,11,Extreme,100
night,tuesday,harbour,clear,5,Minimal,13
mid_morning,wednesday,central,clear,8,Low,29
late_night,wednesday,harbour,heavy_monsoon,14,Low,25
evening_peak,monday,harbour,light_rain,19,Extreme,100
evening_peak,thursday,central,heavy_monsoon,23,Extreme,100
morning_peak,sunday,harbour,clear,6,Moderate,43
mid_morning,thursday,central,light_rain,9,Moderate,46
mid_morning,monday,harbour,clear,5,Low,29
late_night,monday,western,clear,1,Minimal,14
night,wednesday,harbour,light_rain,5,Low,25
afternoon,friday,western,light_rain,5,Moderate,44
evening_peak,saturday,western,light_rain,11,High,62
night,saturday,western,heavy_monsoon,14,Low,26
early_morning,wednesday,western,heavy_monsoon,16,Low,24
evening_peak,saturday,western,clear,11,Moderate,56
night,monday,central,light_rain,8,Low,26
evening_peak,thursday,central,clear,18,Extreme,100
afternoon,saturday,central,clear,5,Minimal,10
early_morning,sunday,western,clear,0,Minimal,7
afternoon,wednesday,harbour,clear,4,Low,31
late_night,friday,central,clear,6,Minimal,14
early_morning,wednesday,harbour,light_rain,8,Low,20
morning_peak,tuesday,harbour,heavy_monsoon,20,Extreme,100
night,wednesday,western,light_rain,9,Low,31
early_morning,monday,western,light_rain,5,Minimal,15
late_night,thursday,western,light_rain,6,Minimal,10
late_night,thursday,central,heavy_monsoon,16,Low,31
afternoon,sunday,western,heavy_monsoon,15,Low,21
evening_peak,saturday,central,heavy_monsoon,19,High,70
early_morning,monday,central,light_rain,8,Low,27
night,tuesday,central,heavy_monsoon,20,Moderate,44
early_morning,monday,central,clear,5,Low,23
mid_morning,wednesday,western,heavy_monsoon,15,Moderate,55
evening_peak,monday,central,light_rain,17,Extreme,100
night,monday,western,light_rain,5,Low,30
night,sunday,western,clear,2,Minimal,8
morning_peak,tuesday,central,heavy_monsoon,28,Extreme,100
afternoon,wednesday,western,heavy_monsoon,16,High,67
morning_peak,friday,harbour,clear,12,High,74
night,sunday,western,light_rain,4,Minimal,14
evening_peak,friday,western,light_rain,13,Extreme,100
early_morning,sunday,central,heavy_monsoon,14,Low,22
early_morning,thursday,central,heavy_monsoon,17,Low,33
evening_peak,sunday,western,heavy_monsoon,17,High,73
night,saturday,central,heavy_monsoon,15,Low,31
late_night,monday,harbour,heavy_monsoon,12,Minimal,13
early_morning,thursday,harbour,light_rain,8,Low,28
late_night,tuesday,central,light_rain,8,Low,24
early_morning,friday,western,light_rain,6,Low,22
early_morning,sunday,harbour,light_rain,4,Minimal,14
afternoon,monday,harbour,clear,4,Low,20
afternoon,tuesday,western,light_rain,7,Moderate,49
mid_morning,saturday,central,clear,4,Low,30
morning_peak,tuesday,harbour,light_rain,10,Extreme,100
evening_peak,monday,western,heavy_monsoon,23,Extreme,100
evening_peak,saturday,western,heavy_monsoon,17,High,78
evening_peak,tuesday,harbour,heavy_monsoon,21,Extreme,100
mid_morning,saturday,central,clear,4,Minimal,14
afternoon,sunday,harbour,light_rain,7,Minimal,8
night,sunday,western,light_rain,3,Low,21
late_night,monday,harbour,clear,1,Minimal,7
late_night,monday,central,clear,1,Minimal,13
night,saturday,western,clear,3,Minimal,13
mid_morning,wednesday,central,clear,5,Low,29
night,thursday,harbour,clear,5,Low,23
evening_peak,tuesday,harbour,heavy_monsoon,20,Extreme,100
morning_peak,tuesday,central,light_rain,15,Extreme,100
early_morning,wednesday,harbour,clear,3,Low,21
late_night,wednesday,central,heavy_monsoon,14,Low,24
afternoon,wednesday,harbour,clear,5,Low,28
afternoon,friday,central,heavy_monsoon,17,Moderate,45
mid_morning,friday,central,clear,4,Moderate,46
afternoon,saturday,western,light_rain,8,Minimal,13
evening_peak,friday,western,clear,10,Extreme,100
late_night,sunday,central,clear,2,Minimal,3
night,sunday,harbour,light_rain,3,Minimal,13
evening_peak,monday,harbour,light_rain,13,Extreme,100
mid_morning,saturday,harbour,clear,2,Minimal,14
evening_peak,tuesday,central,light_rain,15,Extreme,100
night,thursday,central,light_rain,8,Moderate,42
morning_peak,monday,central,heavy_monsoon,27,Extreme,100
mid_morning,tuesday,central,light_rain,7,Low,32
morning_peak,tuesday,western,light_rain,17,Extreme,100
early_morning,saturday,central,clear,5,Minimal,12
morning_peak,wednesday,harbour,clear,8,High,71
early_morning,wednesday,western,heavy_monsoon,16,Low,26
early_morning,monday,harbour,clear,2,Low,21
morning_peak,wednesday,central,light_rain,16,Extreme,100
mid_morning,tuesday,western,light_rain,8,Low,30
night,wednesday,central,light_rain,5,Low,22
evening_peak,friday,western,clear,12,Extreme,100
evening_peak,wednesday,harbour,light_rain,11,Extreme,100
night,tuesday,central,light_rain,12,Low,31
late_night,saturday,central,heavy_monsoon,13,Low,21
late_night,monday,western,heavy_monsoon,16,Low,26
early_morning,thursday,western,heavy_monsoon,13,Low,31
early_morning,wednesday,central,clear,2,Minimal,14
mid_morning,sunday,western,light_rain,6,Low,29
afternoon,sunday,central,light_rain,5,Minimal,13
morning_peak,tuesday,western,light_rain,13,Extreme,100
early_morning,thursday,harbour,heavy_monsoon,14,Low,33
evening_peak,thursday,western,light_rain,14,Extreme,100
mid_morning,friday,harbour,light_rain,8,Moderate,52
morning_peak,thursday,western,light_rain,14,Extreme,100
mid_morning,sunday,western,light_rain,7,Low,25
morning_peak,saturday,central,light_rain,10,Moderate,53
morning_peak,tuesday,western,clear,12,High,82
night,tuesday,western,light_rain,9,Moderate,49
early_morning,wednesday,harbour,clear,1,Minimal,13
mid_morning,wednesday,western,light_rain,8,Low,34
mid_morning,wednesday,central,clear,5,Moderate,48
night,sunday,harbour,light_rain,4,Low,26
evening_peak,sunday,central,light_rain,11,Moderate,58
evening_peak,sunday,central,light_rain,10,Moderate,55
late_night,sunday,central,light_rain,5,Minimal,1
early_morning,sunday,central,heavy_monsoon,12,Low,26
early_morning,sunday,harbour,light_rain,5,Minimal,7
afternoon,saturday,western,clear,2,Minimal,3
night,sunday,central,heavy_monsoon,14,Low,31
evening_peak,thursday,harbour,heavy_monsoon,24,Extreme,100
morning_peak,thursday,central,light_rain,18,Extreme,100
mid_morning,friday,western,clear,5,Low,33
early_morning,saturday,harbour,clear,4,Minimal,9
mid_morning,wednesday,harbour,heavy_monsoon,13,High,65
mid_morning,monday,western,clear,5,Low,32
afternoon,sunday,harbour,light_rain,7,Low,24
evening_peak,friday,western,light_rain,14,Extreme,100
early_morning,monday,harbour,light_rain,4,Low,20
mid_morning,thursday,harbour,light_rain,1,Moderate,42
early_morning,friday,western,light_rain,6,Minimal,8
morning_peak,friday,western,heavy_monsoon,21,Extreme,100
afternoon,tuesday,harbour,light_rain,4,Low,33
morning_peak,thursday,harbour,light_rain,8,Extreme,100
early_morning,thursday,western,heavy_monsoon,14,Low,27
late_night,saturday,western,heavy_monsoon,8,Minimal,12
early_morning,friday,harbour,heavy_monsoon,16,Moderate,47
evening_peak,sunday,harbour,clear,5,Moderate,49
mid_morning,thursday,harbour,clear,3,Moderate,50
mid_morning,friday,western,light_rain,8,Moderate,54
morning_peak,saturday,harbour,light_rain,8,Moderate,52
afternoon,sunday,central,light_rain,4,Low,29
late_night,saturday,western,clear,4,Minimal,14
night,tuesday,harbour,light_rain,4,Low,29
mid_morning,sunday,western,light_rain,4,Low,26
evening_peak,friday,central,clear,16,Extreme,100
morning_peak,thursday,western,heavy_monsoon,23,Extreme,100
morning_peak,thursday,harbour,clear,8,High,72
night,friday,central,light_rain,6,Low,22
evening_peak,friday,central,clear,14,Extreme,100
afternoon,friday,harbour,heavy_monsoon,17,Moderate,45
evening_peak,wednesday,harbour,heavy_monsoon,20,Extreme,100
afternoon,sunday,harbour,heavy_monsoon,17,Low,32
evening_peak,thursday,western,heavy_monsoon,26,Extreme,100
evening_peak,sunday,western,heavy_monsoon,15,High,72
early_morning,saturday,western,heavy_monsoon,18,Minimal,11
morning_peak,thursday,harbour,light_rain,16,Extreme,100
evening_peak,wednesday,harbour,light_rain,13,Extreme,100
night,friday,western,clear,0,Minimal,9
evening_peak,tuesday,central,light_rain,21,Extreme,100
mid_morning,friday,western,heavy_monsoon,19,High,64
morning_peak,friday,central,light_rain,17,Extreme,100
mid_morning,wednesday,harbour,clear,3,Low,33
morning_peak,sunday,harbour,heavy_monsoon,15,High,66
mid_morning,thursday,western,light_rain,11,Moderate,46
evening_peak,friday,western,light_rain,13,Extreme,100
evening_peak,thursday,harbour,clear,8,Extreme,100
early_morning,monday,western,heavy_monsoon,13,Low,33
night,saturday,harbour,clear,0,Minimal,12
mid_morning,sunday,harbour,heavy_monsoon,13,Low,34
afternoon,thursday,central,heavy_monsoon,16,Moderate,57
early_morning,tuesday,western,light_rain,5,Low,24
mid_morning,saturday,harbour,clear,0,Minimal,15
mid_morning,tuesday,western,clear,3,Moderate,42
early_morning,friday,central,clear,2,Minimal,14
evening_peak,saturday,central,heavy_monsoon,21,Moderate,57
mid_morning,thursday,western,clear,6,Moderate,45
evening_peak,saturday,western,heavy_monsoon,20,High,76
early_morning,friday,harbour,clear,1,Minimal,15
evening_peak,wednesday,central,clear,19,Extreme,99
morning_peak,sunday,central,light_rain,6,Moderate,55
afternoon,tuesday,central,clear,8,Minimal,14
late_night,friday,western,light_rain,4,Minimal,10
mid_morning,wednesday,harbour,light_rain,8,Moderate,48
night,saturday,western,heavy_monsoon,17,Minimal,14
afternoon,saturday,western,clear,3,Minimal,15
late_night,friday,western,clear,2,Minimal,2
evening_peak,thursday,harbour,clear,10,Extreme,100
mid_morning,saturday,western,light_rain,3,Low,26
evening_peak,thursday,central,clear,17,Extreme,100
morning_peak,thursday,central,heavy_monsoon,28,Extreme,100
early_morning,sunday,central,heavy_monsoon,14,Low,25
mid_morning,thursday,harbour,clear,6,Moderate,46
late_night,monday,western,light_rain,1,Minimal,4
late_night,sunday,harbour,heavy_monsoon,15,Minimal,12
morning_peak,wednesday,western,heavy_monsoon,22,Extreme,100
morning_peak,wednesday,central,light_rain,16,Extreme,100
mid_morning,saturday,western,heavy_monsoon,15,Low,30
evening_peak,saturday,western,light_rain,12,Moderate,54
night,thursday,western,heavy_monsoon,17,Moderate,42
late_night,sunday,harbour,light_rain,6,Minimal,4
late_night,sunday,western,heavy_monsoon,9,Minimal,15
morning_peak,monday,western,clear,10,Extreme,100
afternoon,thursday,western,heavy_monsoon,17,Moderate,51
morning_peak,monday,harbour,heavy_monsoon,20,Extreme,100
night,thursday,harbour,clear,3,Low,27
evening_peak,tuesday,harbour,clear,9,Extreme,100
evening_peak,tuesday,western,clear,14,High,83
afternoon,friday,central,clear,8,Low,25
late_night,thursday,central,light_rain,7,Minimal,15
morning_peak,sunday,central,light_rain,7,Moderate,52
evening_peak,saturday,western,heavy_monsoon,21,High,63
night,wednesday,central,heavy_monsoon,16,Low,31
mid_morning,friday,central,heavy_monsoon,22,Moderate,55
early_morning,saturday,central,light_rain,9,Low,21
early_morning,tuesday,western,heavy_monsoon,18,Low,32
early_morning,thursday,central,heavy_monsoon,15,Low,34
late_night,friday,central,light_rain,9,Low,26
morning_peak,thursday,western,heavy_monsoon,20,Extreme,100
afternoon,tuesday,harbour,light_rain,7,Moderate,45
evening_peak,friday,central,light_rain,17,Extreme,100
mid_morning,tuesday,harbour,clear,1,Moderate,53
night,monday,central,clear,3,Low,22
mid_morning,tuesday,western,light_rain,8,Moderate,42
night,sunday,harbour,light_rain,4,Minimal,14
late_night,sunday,harbour,clear,3,Minimal,1
morning_peak,thursday,harbour,heavy_monsoon,19,Extreme,100
early_morning,wednesday,harbour,heavy_monsoon,14,Low,32
morning_peak,tuesday,central,heavy_monsoon,24,Extreme,100
late_night,saturday,central,light_rain,7,Minimal,14
afternoon,sunday,harbour,clear,2,Minimal,2
afternoon,wednesday,central,heavy_monsoon,18,Moderate,50
late_night,monday,harbour,clear,0,Minimal,7
night,friday,harbour,clear,1,Low,24
evening_peak,friday,western,light_rain,14,Extreme,100
evening_peak,sunday,harbour,heavy_monsoon,22,High,64
night,wednesday,central,clear,2,Minimal,12
afternoon,sunday,harbour,light_rain,6,Low,30
afternoon,friday,western,light_rain,6,Low,23
afternoon,tuesday,central,light_rain,12,Moderate,56
morning_peak,wednesday,western,heavy_monsoon,25,Extreme,100
afternoon,thursday,western,heavy_monsoon,17,Moderate,54
mid_morning,tuesday,harbour,light_rain,9,Moderate,50
early_morning,tuesday,western,heavy_monsoon,13,Low,33
afternoon,tuesday,western,heavy_monsoon,16,Moderate,45
night,thursday,central,clear,5,Low,20
early_morning,monday,western,light_rain,6,Low,26
morning_peak,saturday,harbour,light_rain,9,Moderate,49
night,sunday,harbour,heavy_monsoon,14,Low,28
early_morning,friday,harbour,light_rain,7,Low,26
night,sunday,western,light_rain,6,Minimal,12
morning_peak,wednesday,central,light_rain,22,Extreme,100
mid_morning,monday,harbour,heavy_monsoon,19,Moderate,54
morning_peak,wednesday,western,heavy_monsoon,24,Extreme,100
morning_peak,sunday,harbour,heavy_monsoon,18,Moderate,56
night,friday,harbour,clear,4,Low,20
late_night,thursday,central,light_rain,7,Minimal,10
evening_peak,sunday,harbour,clear,6,Moderate,50
afternoon,tuesday,central,heavy_monsoon,22,Moderate,56
afternoon,sunday,western,clear,5,Minimal,9
mid_morning,tuesday,harbour,light_rain,7,Moderate,48
mid_morning,thursday,western,light_rain,11,Moderate,51
afternoon,sunday,western,heavy_monsoon,13,Low,24
evening_peak,monday,western,heavy_monsoon,27,Extreme,100
afternoon,monday,harbour,clear,4,Low,29
late_night,wednesday,central,heavy_monsoon,16,Low,20
evening_peak,thursday,harbour,clear,9,Extreme,100
mid_morning,monday,western,light_rain,6,Moderate,47
early_morning,sunday,central,light_rain,10,Minimal,9
night,thursday,western,light_rain,7,Minimal,13
late_night,friday,central,light_rain,5,Minimal,10
late_night,tuesday,harbour,light_rain,4,Low,20
mid_morning,sunday,central,clear,2,Low,20
mid_morning,tuesday,harbour,light_rain,6,Low,34
morning_peak,tuesday,western,clear,13,High,80
late_night,thursday,central,light_rain,5,Minimal,12
morning_peak,thursday,western,clear,12,Extreme,100
morning_peak,wednesday,central,clear,14,High,81
night,tuesday,harbour,clear,2,Low,24
morning_peak,wednesday,central,heavy_monsoon,27,Extreme,100
evening_peak,tuesday,central,clear,17,Extreme,100
afternoon,wednesday,harbour,clear,6,Low,30
early_morning,wednesday,harbour,light_rain,7,Low,26
mid_morning,friday,harbour,clear,7,Low,26
evening_peak,wednesday,central,clear,15,Extreme,100
early_morning,thursday,western,heavy_monsoon,16,Low,31
late_night,wednesday,central,light_rain,2,Minimal,13
late_night,tuesday,central,heavy_monsoon,16,Low,23
late_night,wednesday,western,heavy_monsoon,14,Moderate,42
evening_peak,monday,harbour,heavy_monsoon,21,Extreme,100
evening_peak,saturday,central,clear,9,Moderate,51
mid_morning,tuesday,western,heavy_monsoon,18,High,61
afternoon,monday,harbour,heavy_monsoon,13,Moderate,49
morning_peak,tuesday,harbour,light_rain,9,Extreme,100
late_night,thursday,central,light_rain,7,Minimal,13
night,saturday,harbour,light_rain,3,Minimal,12
afternoon,saturday,harbour,light_rain,8,Low,27
night,thursday,western,heavy_monsoon,15,Low,32
mid_morning,saturday,western,light_rain,6,Low,30
mid_morning,thursday,harbour,clear,1,Low,32
mid_morning,monday,western,heavy_monsoon,19,Moderate,59
early_morning,friday,harbour,light_rain,4,Low,23
night,tuesday,central,heavy_monsoon,17,Low,33
afternoon,thursday,western,light_rain,6,Low,33
afternoon,tuesday,harbour,heavy_monsoon,16,Low,31
evening_peak,monday,harbour,light_rain,13,Extreme,100
evening_peak,friday,western,clear,12,Extreme,100
late_night,monday,western,light_rain,4,Minimal,13
evening_peak,saturday,central,heavy_monsoon,19,High,74
mid_morning,tuesday,harbour,heavy_monsoon,17,Moderate,45
afternoon,sunday,central,clear,4,Low,24
night,friday,central,heavy_monsoon,18,Moderate,49
mid_morning,saturday,central,clear,5,Low,24
early_morning,friday,western,heavy_monsoon,17,Moderate,44
evening_peak,saturday,central,heavy_monsoon,21,Moderate,55
mid_morning,monday,western,clear,4,Low,30
mid_morning,thursday,western,heavy_monsoon,13,Moderate,55
early_morning,tuesday,central,heavy_monsoon,19,Low,24
morning_peak,wednesday,central,clear,16,Extreme,100
afternoon,wednesday,harbour,light_rain,7,Moderate,48
night,monday,central,clear,4,Low,30
late_night,tuesday,harbour,heavy_monsoon,13,Low,27
morning_peak,tuesday,central,light_rain,17,Extreme,100
evening_peak,monday,central,light_rain,16,Extreme,100
mid_morning,tuesday,central,light_rain,13,Moderate,50
early_morning,thursday,central,clear,5,Minimal,9
early_morning,monday,harbour,light_rain,6,Minimal,11
afternoon,thursday,harbour,light_rain,4,Moderate,49
morning_peak,tuesday,central,light_rain,17,Extreme,100
late_night,monday,central,heavy_monsoon,16,Low,29
afternoon,tuesday,harbour,clear,3,Low,30
mid_morning,monday,western,clear,6,Low,28
afternoon,tuesday,western,heavy_monsoon,16,Moderate,52
night,thursday,western,light_rain,6,Low,25
early_morning,sunday,harbour,heavy_monsoon,15,Low,23
early_morning,thursday,harbour,heavy_monsoon,15,Low,23
evening_peak,tuesday,western,light_rain,16,Extreme,100
evening_peak,monday,western,light_rain,15,Extreme,100
late_night,wednesday,central,clear,4,Low,22
mid_morning,thursday,harbour,light_rain,7,Moderate,47
night,thursday,harbour,heavy_monsoon,17,Moderate,45
morning_peak,saturday,western,heavy_monsoon,18,High,63
afternoon,wednesday,western,light_rain,12,Low,30
late_night,tuesday,harbour,clear,0,Minimal,13
mid_morning,sunday,central,heavy_monsoon,20,Low,32
evening_peak,monday,western,light_rain,12,Extreme,100
afternoon,saturday,harbour,clear,1,Minimal,14
evening_peak,tuesday,harbour,clear,7,Extreme,98
afternoon,friday,central,heavy_monsoon,17,High,61
morning_peak,sunday,central,heavy_monsoon,17,Moderate,59
mid_morning,thursday,western,clear,3,Moderate,44
afternoon,friday,western,clear,5,Low,22
night,thursday,western,clear,6,Minimal,10
late_night,thursday,harbour,light_rain,8,Low,24
early_morning,friday,western,heavy_monsoon,16,Moderate,43
night,sunday,harbour,clear,1,Minimal,3
night,friday,western,heavy_monsoon,16,Low,27
late_night,tuesday,central,heavy_monsoon,15,Minimal,15
early_morning,saturday,central,heavy_monsoon,16,Low,24
night,saturday,harbour,clear,3,Minimal,11
afternoon,friday,central,light_rain,13,Moderate,47
afternoon,tuesday,harbour,clear,7,Low,24
afternoon,saturday,harbour,heavy_monsoon,13,Minimal,12
early_morning,tuesday,central,clear,3,Minimal,15
night,tuesday,harbour,clear,4,Low,20
early_morning,thursday,central,heavy_monsoon,17,Moderate,42
afternoon,saturday,western,heavy_monsoon,14,Low,23
late_night,saturday,western,clear,1,Minimal,5
night,thursday,central,clear,3,Low,21
night,friday,central,clear,2,Low,26
evening_peak,thursday,central,clear,17,Extreme,100
evening_peak,saturday,central,light_rain,13,Moderate,57
morning_peak,saturday,western,clear,9,Low,32
mid_morning,sunday,harbour,light_rain,6,Low,28
evening_peak,friday,harbour,heavy_monsoon,24,Extreme,100
early_morning,thursday,western,light_rain,4,Minimal,12
evening_peak,monday,harbour,heavy_monsoon,21,Extreme,100
morning_peak,monday,western,light_rain,16,Extreme,99
night,friday,harbour,heavy_monsoon,16,Low,21
morning_peak,thursday,central,clear,13,Extreme,100
night,thursday,central,light_rain,5,Low,22
late_night,tuesday,central,light_rain,5,Minimal,15
late_night,saturday,western,heavy_monsoon,11,Minimal,15
night,wednesday,western,heavy_monsoon,15,Moderate,49
mid_morning,sunday,harbour,light_rain,4,Low,24
evening_peak,friday,harbour,heavy_monsoon,22,Extreme,100
early_morning,wednesday,harbour,clear,4,Low,24
early_morning,wednesday,western,light_rain,5,Low,25
afternoon,friday,harbour,clear,2,Low,32
night,thursday,central,light_rain,8,Low,25
early_morning,friday,harbour,clear,3,Low,22
mid_morning,wednesday,central,light_rain,13,Moderate,51
night,saturday,western,heavy_monsoon,16,Low,34
mid_morning,sunday,central,light_rain,5,Low,30
early_morning,sunday,central,clear,0,Minimal,5
early_morning,saturday,central,light_rain,5,Minimal,9
afternoon,saturday,western,clear,1,Minimal,12
early_morning,thursday,western,clear,2,Minimal,12
night,monday,western,clear,2,Low,29
late_night,friday,western,heavy_monsoon,12,Low,24
night,sunday,harbour,light_rain,7,Low,21
night,saturday,western,clear,2,Minimal,7
afternoon,friday,central,heavy_monsoon,18,Moderate,43
afternoon,sunday,western,clear,2,Minimal,11
early_morning,saturday,harbour,light_rain,4,Minimal,9
morning_peak,sunday,harbour,heavy_monsoon,13,High,68
morning_peak,thursday,harbour,clear,11,Extreme,100
afternoon,monday,central,clear,7,Low,30
early_morning,monday,western,clear,2,Minimal,13
morning_peak,saturday,western,light_rain,12,High,62
early_morning,sunday,western,heavy_monsoon,13,Low,23
early_morning,thursday,central,heavy_monsoon,17,Low,32
early_morning,tuesday,central,heavy_monsoon,16,Low,31
evening_peak,friday,harbour,clear,7,Extreme,100
night,friday,harbour,heavy_monsoon,14,Low,22
early_morning,wednesday,western,clear,3,Low,31
evening_peak,thursday,central,light_rain,18,Extreme,100
afternoon,sunday,central,heavy_monsoon,13,Low,22
morning_peak,wednesday,western,clear,11,Extreme,100
night,saturday,western,heavy_monsoon,13,Low,22
late_night,sunday,harbour,heavy_monsoon,14,Low,20
morning_peak,wednesday,harbour,light_rain,12,Extreme,100
night,monday,harbour,heavy_monsoon,17,Moderate,51
late_night,friday,western,light_rain,3,Low,22
morning_peak,sunday,western,heavy_monsoon,21,Moderate,51
night,wednesday,harbour,heavy_monsoon,15,Low,32
morning_peak,monday,harbour,heavy_monsoon,21,Extreme,100
morning_peak,thursday,central,heavy_monsoon,24,Extreme,100
late_night,wednesday,central,heavy_monsoon,13,Low,31
morning_peak,saturday,harbour,heavy_monsoon,17,High,61
morning_peak,saturday,harbour,light_rain,6,High,68
late_night,saturday,central,light_rain,5,Minimal,3
afternoon,sunday,harbour,clear,0,Minimal,14
early_morning,friday,central,heavy_monsoon,14,Low,28
mid_morning,wednesday,central,light_rain,12,Moderate,54
evening_peak,thursday,central,heavy_monsoon,26,Extreme,100
mid_morning,wednesday,western,heavy_monsoon,16,High,68
mid_morning,friday,western,light_rain,10,Moderate,50
night,monday,harbour,heavy_monsoon,14,Low,32
early_morning,friday,central,light_rain,2,Low,23
night,saturday,western,light_rain,5,Minimal,6
early_morning,sunday,harbour,clear,3,Minimal,7
late_night,monday,harbour,clear,4,Minimal,7
late_night,sunday,harbour,clear,3,Minimal,3
early_morning,saturday,harbour,clear,1,Minimal,9
morning_peak,tuesday,harbour,heavy_monsoon,20,Extreme,100
afternoon,friday,central,heavy_monsoon,14,Moderate,49
morning_peak,friday,harbour,clear,8,High,73
afternoon,thursday,central,light_rain,10,Low,29
night,wednesday,western,light_rain,9,Low,28
afternoon,monday,harbour,light_rain,5,Moderate,47
night,sunday,western,light_rain,8,Minimal,13
late_night,monday,central,heavy_monsoon,17,Low,24
mid_morning,thursday,central,light_rain,12,Moderate,46
late_night,thursday,western,light_rain,9,Low,23
late_night,sunday,harbour,clear,2,Minimal,0
mid_morning,wednesday,harbour,light_rain,8,Low,34
afternoon,sunday,western,heavy_monsoon,15,Low,34
afternoon,sunday,western,light_rain,7,Low,25
night,saturday,western,light_rain,4,Minimal,7
morning_peak,wednesday,harbour,heavy_monsoon,19,Extreme,100
night,friday,harbour,clear,3,Low,29
morning_peak,saturday,harbour,heavy_monsoon,18,High,74
late_night,tuesday,western,clear,0,Minimal,15
mid_morning,wednesday,harbour,light_rain,9,Moderate,48
late_night,thursday,central,clear,1,Minimal,7
early_morning,saturday,western,clear,0,Minimal,15
afternoon,wednesday,harbour,clear,5,Low,33
morning_peak,monday,western,light_rain,15,Extreme,100
night,sunday,central,clear,3,Minimal,10
mid_morning,tuesday,central,clear,7,Moderate,45
morning_peak,friday,western,light_rain,12,Extreme,100
night,sunday,western,heavy_monsoon,14,Low,21
afternoon,monday,central,heavy_monsoon,19,High,61
late_night,monday,western,heavy_monsoon,17,Low,24
afternoon,tuesday,central,light_rain,10,Moderate,46
evening_peak,friday,central,light_rain,19,Extreme,100
early_morning,thursday,harbour,heavy_monsoon,15,Moderate,53
evening_peak,saturday,western,clear,7,Moderate,42
mid_morning,friday,western,heavy_monsoon,16,Moderate,56
morning_peak,wednesday,harbour,light_rain,9,Extreme,100
mid_morning,monday,central,clear,12,Low,33
late_night,wednesday,western,clear,0,Minimal,9
night,thursday,harbour,light_rain,6,Low,22
afternoon,wednesday,harbour,clear,1,Moderate,43
evening_peak,friday,western,heavy_monsoon,25,Extreme,100
evening_peak,wednesday,harbour,light_rain,10,Extreme,100
late_night,thursday,central,light_rain,3,Minimal,12
evening_peak,thursday,harbour,light_rain,16,Extreme,100
late_night,thursday,central,light_rain,4,Low,21
mid_morning,friday,central,clear,5,Low,33
afternoon,thursday,western,light_rain,4,Moderate,48
morning_peak,monday,harbour,light_rain,11,Extreme,100
night,sunday,central,clear,4,Minimal,5
morning_peak,thursday,central,light_rain,15,Extreme,100
mid_morning,wednesday,harbour,clear,2,Low,32
night,saturday,central,clear,2,Minimal,9
evening_peak,wednesday,harbour,light_rain,10,Extreme,100
early_morning,saturday,western,heavy_monsoon,15,Low,26
mid_morning,wednesday,central,light_rain,9,Moderate,47
mid_morning,friday,central,heavy_monsoon,19,Moderate,49
afternoon,wednesday,harbour,clear,2,Low,33
morning_peak,friday,harbour,heavy_monsoon,22,Extreme,100
mid_morning,friday,harbour,light_rain,2,Moderate,44
mid_morning,thursday,harbour,light_rain,8,Moderate,59
evening_peak,monday,central,heavy_monsoon,28,Extreme,100
evening_peak,saturday,western,light_rain,9,Moderate,48
night,thursday,western,heavy_monsoon,16,Low,27
late_night,thursday,western,clear,2,Minimal,10
late_night,sunday,western,heavy_monsoon,13,Minimal,10
early_morning,friday,harbour,heavy_monsoon,13,Moderate,42
late_night,friday,central,heavy_monsoon,15,Low,21
afternoon,saturday,central,heavy_monsoon,13,Low,32
early_morning,wednesday,central,clear,4,Minimal,11
night,wednesday,harbour,clear,2,Minimal,14
evening_peak,thursday,central,clear,16,Extreme,100
late_night,tuesday,harbour,heavy_monsoon,11,Low,26
morning_peak,tuesday,central,clear,15,High,72
evening_peak,wednesday,western,light_rain,17,Extreme,100
afternoon,tuesday,harbour,clear,4,Moderate,43
evening_peak,sunday,central,heavy_monsoon,18,High,61
afternoon,wednesday,western,light_rain,8,Low,29
afternoon,friday,western,heavy_monsoon,17,Moderate,56
afternoon,thursday,western,light_rain,6,Moderate,47
night,monday,harbour,heavy_monsoon,11,Low,32
afternoon,thursday,harbour,heavy_monsoon,15,Moderate,44
afternoon,wednesday,central,light_rain,8,Moderate,49
morning_peak,sunday,western,clear,9,Moderate,50
early_morning,wednesday,central,light_rain,9,Low,21
mid_morning,thursday,central,light_rain,8,Moderate,44
early_morning,sunday,western,light_rain,3,Minimal,9
afternoon,sunday,central,light_rain,7,Low,22
morning_peak,sunday,harbour,light_rain,7,Moderate,51
evening_peak,saturday,central,heavy_monsoon,23,Moderate,57
morning_peak,wednesday,western,heavy_monsoon,25,Extreme,100
afternoon,tuesday,harbour,clear,2,Moderate,44
morning_peak,tuesday,harbour,clear,9,High,83
late_night,wednesday,central,light_rain,7,Low,20
morning_peak,wednesday,central,clear,15,Extreme,98
afternoon,saturday,harbour,clear,4,Minimal,10
night,tuesday,central,light_rain,6,Moderate,44
late_night,wednesday,western,heavy_monsoon,13,Minimal,12
morning_peak,wednesday,central,heavy_monsoon,28,Extreme,100
mid_morning,saturday,central,clear,3,Minimal,7
mid_morning,saturday,harbour,heavy_monsoon,14,Moderate,50
morning_peak,thursday,central,heavy_monsoon,27,Extreme,100
night,saturday,central,clear,4,Minimal,13
evening_peak,monday,central,light_rain,22,Extreme,100
afternoon,tuesday,western,clear,5,Low,23
mid_morning,thursday,central,clear,8,Low,34
evening_peak,monday,western,clear,14,Extreme,100
morning_peak,wednesday,western,light_rain,14,Extreme,100
evening_peak,wednesday,western,light_rain,14,Extreme,100
late_night,thursday,western,light_rain,7,Low,27
early_morning,saturday,harbour,light_rain,3,Low,20
mid_morning,sunday,western,clear,0,Minimal,15
morning_peak,sunday,central,heavy_monsoon,20,High,66
afternoon,wednesday,western,clear,4,Low,30
night,sunday,central,light_rain,8,Minimal,9
late_night,friday,western,heavy_monsoon,10,Low,30
morning_peak,thursday,harbour,clear,7,Extreme,100
afternoon,monday,western,heavy_monsoon,21,Moderate,55
night,thursday,western,light_rain,5,Low,20
night,tuesday,harbour,heavy_monsoon,13,Moderate,43
morning_peak,saturday,western,heavy_monsoon,18,High,69
late_night,saturday,central,light_rain,6,Minimal,6
evening_peak,thursday,western,heavy_monsoon,26,Extreme,100
evening_peak,wednesday,western,clear,12,Extreme,100
night,wednesday,western,heavy_monsoon,14,Low,34
evening_peak,friday,harbour,clear,8,Extreme,100
early_morning,friday,western,heavy_monsoon,14,Low,34
night,saturday,western,heavy_monsoon,15,Moderate,48
night,friday,central,light_rain,7,Low,23
afternoon,monday,western,light_rain,8,Low,29
evening_peak,friday,western,clear,12,Extreme,100
late_night,monday,western,light_rain,4,Low,20
night,friday,western,light_rain,8,Low,28
late_night,saturday,central,light_rain,6,Minimal,8
early_morning,saturday,central,light_rain,1,Minimal,12
afternoon,monday,harbour,light_rain,7,Low,32
morning_peak,thursday,western,clear,13,Extreme,100
late_night,saturday,harbour,clear,1,Minimal,5
night,thursday,harbour,light_rain,8,Low,22
early_morning,wednesday,western,light_rain,5,Low,29
mid_morning,monday,central,clear,8,Low,34
early_morning,sunday,central,heavy_monsoon,15,Low,20
early_morning,saturday,western,clear,2,Minimal,11
afternoon,tuesday,western,heavy_monsoon,19,Moderate,54
morning_peak,wednesday,central,light_rain,20,High,83
mid_morning,thursday,western,light_rain,4,Low,29
evening_peak,saturday,western,clear,9,Moderate,54
evening_peak,monday,western,light_rain,14,Extreme,100
late_night,sunday,central,heavy_monsoon,14,Minimal,12
early_morning,friday,harbour,heavy_monsoon,13,Low,28
afternoon,sunday,harbour,clear,0,Minimal,12
afternoon,tuesday,western,heavy_monsoon,20,Moderate,44
evening_peak,thursday,central,clear,15,Extreme,100
late_night,wednesday,western,clear,3,Minimal,8
late_night,sunday,central,heavy_monsoon,15,Low,21
late_night,monday,western,heavy_monsoon,13,Minimal,14
mid_morning,tuesday,central,heavy_monsoon,17,High,62
morning_peak,monday,central,heavy_monsoon,29,Extreme,100
mid_morning,saturday,harbour,heavy_monsoon,17,Low,31
night,friday,western,heavy_monsoon,13,Low,34
night,wednesday,harbour,heavy_monsoon,18,Low,32
morning_peak,monday,harbour,light_rain,11,Extreme,100
evening_peak,thursday,central,clear,18,Extreme,100
morning_peak,saturday,western,clear,7,Moderate,52
afternoon,saturday,central,heavy_monsoon,16,Low,34
night,wednesday,central,clear,6,Low,22
early_morning,saturday,central,heavy_monsoon,15,Low,21
early_morning,thursday,western,light_rain,4,Minimal,15
evening_peak,monday,western,clear,12,Extreme,100
afternoon,wednesday,central,clear,9,Low,31
mid_morning,saturday,western,light_rain,6,Low,23
afternoon,saturday,central,light_rain,5,Low,21
early_morning,thursday,western,light_rain,6,Low,22
early_morning,friday,western,clear,5,Minimal,11
night,friday,harbour,clear,2,Minimal,15
afternoon,sunday,central,light_rain,6,Low,25
afternoon,saturday,harbour,light_rain,6,Minimal,15
early_morning,monday,harbour,light_rain,7,Low,28
mid_morning,wednesday,central,light_rain,10,Moderate,58
evening_peak,saturday,central,light_rain,12,Moderate,58
late_night,tuesday,western,heavy_monsoon,12,Minimal,13
evening_peak,wednesday,central,light_rain,19,Extreme,100
afternoon,sunday,harbour,heavy_monsoon,15,Low,33
evening_peak,friday,harbour,clear,9,Extreme,100
early_morning,saturday,central,clear,2,Minimal,1
early_morning,thursday,harbour,heavy_monsoon,18,Moderate,45
afternoon,tuesday,western,light_rain,10,Moderate,48
afternoon,saturday,harbour,clear,1,Minimal,15
late_night,sunday,western,light_rain,3,Minimal,10
late_night,monday,harbour,light_rain,1,Minimal,13
night,tuesday,western,heavy_monsoon,13,Low,28
afternoon,sunday,western,clear,2,Minimal,9
mid_morning,saturday,central,clear,5,Low,27
evening_peak,monday,western,heavy_monsoon,23,Extreme,100
afternoon,tuesday,central,light_rain,10,Low,30
morning_peak,monday,harbour,light_rain,10,Extreme,100
night,monday,harbour,clear,4,Minimal,11
morning_peak,tuesday,harbour,heavy_monsoon,19,Extreme,100
early_morning,tuesday,western,heavy_monsoon,9,Low,31
late_night,monday,harbour,light_rain,8,Low,27
evening_peak,sunday,harbour,light_rain,10,High,63
afternoon,friday,central,heavy_monsoon,16,Moderate,44
morning_peak,tuesday,central,clear,18,Extreme,98
evening_peak,saturday,harbour,light_rain,4,Moderate,58
early_morning,wednesday,harbour,heavy_monsoon,14,Low,32
late_night,thursday,western,heavy_monsoon,9,Minimal,9
mid_morning,monday,western,heavy_monsoon,18,Moderate,56
night,monday,harbour,clear,2,Low,24
evening_peak,thursday,central,light_rain,17,Extreme,100
evening_peak,friday,harbour,light_rain,11,Extreme,100
mid_morning,thursday,western,light_rain,5,Moderate,45
evening_peak,tuesday,central,clear,18,Extreme,100
early_morning,thursday,central,light_rain,7,Low,32
early_morning,monday,western,light_rain,6,Moderate,42
mid_morning,thursday,harbour,light_rain,10,Moderate,44
night,wednesday,harbour,light_rain,3,Low,24
afternoon,saturday,harbour,clear,3,Minimal,13
morning_peak,tuesday,western,heavy_monsoon,25,Extreme,100
afternoon,thursday,central,heavy_monsoon,16,Moderate,53
evening_peak,monday,western,light_rain,19,Extreme,100
morning_peak,sunday,harbour,light_rain,7,Moderate,50
mid_morning,saturday,western,light_rain,6,Minimal,14
mid_morning,tuesday,central,clear,7,Moderate,50
night,monday,western,light_rain,3,Low,32
morning_peak,friday,harbour,clear,6,Extreme,100
early_morning,wednesday,central,light_rain,8,Low,26
morning_peak,friday,western,light_rain,14,Extreme,100
evening_peak,wednesday,western,heavy_monsoon,22,Extreme,100
early_morning,thursday,central,light_rain,6,Low,26
late_night,tuesday,central,clear,2,Low,20
late_night,thursday,harbour,heavy_monsoon,14,Low,28
late_night,wednesday,central,clear,4,Minimal,9
mid_morning,wednesday,harbour,heavy_monsoon,17,Moderate,58
morning_peak,wednesday,western,clear,13,High,83
late_night,saturday,harbour,heavy_monsoon,11,Low,25
afternoon,monday,western,clear,6,Low,25
night,tuesday,central,clear,8,Minimal,15
afternoon,thursday,western,light_rain,8,Moderate,48
late_night,thursday,central,heavy_monsoon,17,Low,21
night,friday,western,heavy_monsoon,17,Low,33
evening_peak,wednesday,western,light_rain,16,Extreme,100
afternoon,sunday,western,clear,2,Minimal,8
morning_peak,wednesday,western,clear,14,High,81
morning_peak,wednesday,harbour,heavy_monsoon,24,Extreme,100
afternoon,sunday,western,clear,3,Low,23
late_night,thursday,harbour,heavy_monsoon,13,Low,27
morning_peak,friday,central,heavy_monsoon,27,Extreme,100
evening_peak,monday,central,clear,16,Extreme,100
early_morning,sunday,harbour,clear,5,Minimal,6
late_night,saturday,central,clear,2,Minimal,5
evening_peak,tuesday,central,light_rain,19,Extreme,100
night,sunday,western,heavy_monsoon,14,Low,32
evening_peak,monday,western,clear,13,Extreme,100
late_night,thursday,western,light_rain,3,Low,23
night,saturday,harbour,clear,3,Minimal,10
late_night,saturday,harbour,heavy_monsoon,17,Minimal,13
morning_peak,saturday,central,light_rain,9,Moderate,51
early_morning,wednesday,western,heavy_monsoon,13,Low,33
late_night,tuesday,harbour,clear,2,Minimal,15
late_night,thursday,harbour,clear,1,Minimal,11
morning_peak,thursday,western,clear,12,Extreme,100
mid_morning,saturday,harbour,light_rain,3,Minimal,15
morning_peak,thursday,western,light_rain,13,Extreme,99
night,tuesday,central,light_rain,9,Low,30
morning_peak,tuesday,central,light_rain,19,Extreme,100
morning_peak,friday,central,clear,13,High,80
early_morning,sunday,western,clear,4,Minimal,7
morning_peak,sunday,harbour,clear,3,Moderate,50
late_night,friday,central,light_rain,5,Minimal,10
early_morning,monday,central,light_rain,5,Low,24
afternoon,sunday,central,clear,1,Minimal,12
mid_morning,tuesday,harbour,clear,3,Low,31
early_morning,tuesday,harbour,light_rain,4,Low,25
night,sunday,western,heavy_monsoon,15,Low,29
afternoon,tuesday,central,clear,4,Moderate,43
early_morning,friday,harbour,clear,8,Minimal,13
early_morning,saturday,western,clear,0,Minimal,1
mid_morning,saturday,central,light_rain,6,Low,20
late_night,thursday,harbour,clear,2,Minimal,12
night,saturday,harbour,clear,0,Minimal,9
evening_peak,wednesday,western,clear,11,Extreme,100
evening_peak,friday,central,clear,13,Extreme,100
early_morning,tuesday,central,clear,4,Minimal,12
morning_peak,sunday,harbour,heavy_monsoon,19,Moderate,55
night,saturday,central,heavy_monsoon,13,Low,30
afternoon,friday,western,clear,2,Low,33
morning_peak,saturday,harbour,clear,4,Moderate,42
morning_peak,monday,harbour,clear,8,High,79
night,tuesday,western,clear,5,Low,23
late_night,monday,harbour,light_rain,6,Low,23
early_morning,tuesday,central,light_rain,8,Minimal,13
early_morning,friday,central,light_rain,5,Low,28
early_morning,thursday,harbour,heavy_monsoon,14,Moderate,42
early_morning,saturday,western,clear,2,Minimal,6
evening_peak,saturday,western,light_rain,11,Moderate,46
early_morning,wednesday,central,clear,3,Minimal,15
evening_peak,sunday,western,clear,7,Moderate,42
evening_peak,monday,harbour,heavy_monsoon,19,Extreme,100
late_night,saturday,harbour,heavy_monsoon,13,Low,27
early_morning,friday,central,light_rain,5,Low,22
mid_morning,thursday,central,light_rain,13,Moderate,55
afternoon,sunday,central,heavy_monsoon,13,Low,31
morning_peak,friday,western,heavy_monsoon,25,Extreme,100
evening_peak,monday,harbour,clear,7,Extreme,100
night,wednesday,harbour,clear,1,Low,25
night,saturday,harbour,light_rain,4,Minimal,12
afternoon,friday,central,light_rain,8,Low,26
night,sunday,harbour,heavy_monsoon,19,Low,26
mid_morning,tuesday,western,light_rain,12,Moderate,42
night,thursday,western,clear,7,Low,20
morning_peak,sunday,harbour,heavy_monsoon,18,High,67
morning_peak,friday,central,clear,17,Extreme,99
evening_peak,thursday,harbour,heavy_monsoon,19,Extreme,100
early_morning,saturday,western,heavy_monsoon,15,Low,20
late_night,tuesday,western,clear,1,Minimal,4
mid_morning,wednesday,western,light_rain,7,Moderate,51
evening_peak,sunday,harbour,light_rain,10,High,63
mid_morning,wednesday,western,light_rain,13,Moderate,57
early_morning,tuesday,central,light_rain,7,Minimal,15
night,thursday,harbour,clear,2,Minimal,15
night,saturday,harbour,heavy_monsoon,14,Low,29
late_night,friday,western,clear,3,Low,20
early_morning,tuesday,western,light_rain,7,Minimal,14
evening_peak,monday,central,light_rain,17,Extreme,100
late_night,thursday,harbour,clear,2,Minimal,15
early_morning,wednesday,western,heavy_monsoon,15,Low,31
afternoon,sunday,central,clear,0,Minimal,9
morning_peak,tuesday,western,clear,12,Extreme,100
late_night,wednesday,harbour,clear,3,Minimal,12
late_night,thursday,western,heavy_monsoon,14,Low,20
evening_peak,wednesday,harbour,clear,9,Extreme,100
mid_morning,tuesday,western,clear,8,Moderate,50
afternoon,thursday,harbour,light_rain,6,Low,31
evening_peak,monday,central,clear,13,Extreme,100
early_morning,tuesday,harbour,light_rain,4,Moderate,45
early_morning,friday,central,light_rain,5,Low,24
early_morning,saturday,harbour,light_rain,3,Minimal,12
early_morning,tuesday,central,heavy_monsoon,15,Moderate,43
mid_morning,thursday,western,light_rain,10,Moderate,53
afternoon,sunday,harbour,clear,0,Low,21
night,saturday,western,clear,1,Minimal,4
morning_peak,tuesday,central,light_rain,17,Extreme,100
mid_morning,monday,harbour,light_rain,5,Moderate,54
mid_morning,sunday,harbour,clear,1,Minimal,11
night,monday,western,light_rain,7,Low,32
night,friday,harbour,heavy_monsoon,12,Moderate,47
morning_peak,sunday,harbour,light_rain,3,Moderate,54
morning_peak,wednesday,western,heavy_monsoon,21,Extreme,100
night,sunday,harbour,heavy_monsoon,17,Minimal,15
early_morning,saturday,western,heavy_monsoon,14,Minimal,14
mid_morning,sunday,western,light_rain,8,Low,26
evening_peak,thursday,western,heavy_monsoon,26,Extreme,100
morning_peak,thursday,western,heavy_monsoon,23,Extreme,100
morning_peak,wednesday,western,light_rain,17,Extreme,100
night,sunday,central,heavy_monsoon,12,Minimal,14
afternoon,monday,central,light_rain,10,Low,28
evening_peak,monday,western,clear,10,Extreme,100
evening_peak,tuesday,central,heavy_monsoon,27,Extreme,100
morning_peak,friday,central,light_rain,16,Extreme,100
early_morning,saturday,harbour,clear,2,Minimal,9
afternoon,friday,western,heavy_monsoon,17,Moderate,49
evening_peak,sunday,central,heavy_monsoon,27,High,75
morning_peak,friday,harbour,light_rain,13,Extreme,98
evening_peak,tuesday,harbour,clear,9,Extreme,100
late_night,friday,western,light_rain,7,Low,24
afternoon,wednesday,western,heavy_monsoon,15,Moderate,49
afternoon,tuesday,harbour,heavy_monsoon,14,Moderate,58
late_night,wednesday,western,heavy_monsoon,15,Low,22
mid_morning,sunday,western,heavy_monsoon,16,Low,32
late_night,tuesday,harbour,clear,0,Minimal,14
night,sunday,harbour,clear,2,Minimal,7
night,sunday,western,light_rain,3,Low,21
morning_peak,friday,central,light_rain,18,Extreme,100
afternoon,wednesday,western,light_rain,7,Low,34
mid_morning,sunday,central,heavy_monsoon,16,Low,32
mid_morning,wednesday,harbour,light_rain,4,Moderate,49
evening_peak,wednesday,central,clear,13,Extreme,100
evening_peak,tuesday,harbour,light_rain,14,Extreme,100
late_night,thursday,western,light_rain,0,Minimal,13
mid_morning,friday,western,clear,6,Moderate,46
late_night,sunday,harbour,clear,3,Minimal,10
late_night,wednesday,harbour,heavy_monsoon,9,Low,21
evening_peak,saturday,harbour,clear,5,Moderate,55
afternoon,thursday,western,clear,6,Low,31
late_night,sunday,western,light_rain,3,Minimal,7
early_morning,saturday,central,clear,1,Minimal,4
afternoon,friday,harbour,heavy_monsoon,14,Moderate,43
mid_morning,friday,central,light_rain,11,Moderate,49
mid_morning,wednesday,western,heavy_monsoon,16,Moderate,47
late_night,wednesday,central,clear,2,Low,20
afternoon,sunday,central,heavy_monsoon,15,Low,32
evening_peak,tuesday,western,heavy_monsoon,25,Extreme,100
evening_peak,thursday,western,clear,10,Extreme,100
night,sunday,harbour,clear,0,Minimal,15
mid_morning,thursday,central,light_rain,11,Moderate,56
morning_peak,wednesday,western,light_rain,17,Extreme,100
night,friday,western,light_rain,7,Moderate,43
evening_peak,wednesday,central,clear,17,Extreme,100
afternoon,friday,western,heavy_monsoon,19,Moderate,52
evening_peak,sunday,harbour,heavy_monsoon,18,High,67
afternoon,friday,harbour,light_rain,6,Low,28
night,wednesday,central,light_rain,4,Low,26
mid_morning,monday,harbour,clear,5,Moderate,44
evening_peak,thursday,western,heavy_monsoon,26,Extreme,100
late_night,saturday,western,light_rain,10,Low,22
afternoon,friday,western,clear,2,Low,32
mid_morning,friday,western,light_rain,11,Low,30
morning_peak,monday,central,clear,15,Extreme,100
afternoon,sunday,harbour,heavy_monsoon,14,Low,30
night,sunday,harbour,clear,2,Minimal,12
morning_peak,sunday,western,light_rain,12,Moderate,56
morning_peak,saturday,central,light_rain,13,Moderate,45
early_morning,tuesday,western,heavy_monsoon,19,Low,33
evening_peak,monday,western,heavy_monsoon,24,Extreme,100
afternoon,saturday,central,light_rain,5,Low,21
morning_peak,monday,central,light_rain,18,Extreme,100
early_morning,friday,western,light_rain,6,Low,20
night,thursday,harbour,heavy_monsoon,13,Low,30
mid_morning,monday,western,light_rain,8,Moderate,45
late_night,tuesday,harbour,heavy_monsoon,15,Low,30
late_night,wednesday,harbour,light_rain,6,Low,22
afternoon,saturday,central,clear,5,Minimal,8
morning_peak,monday,central,clear,14,Extreme,100
late_night,monday,western,light_rain,4,Low,27
evening_peak,tuesday,harbour,clear,9,High,81
late_night,thursday,harbour,heavy_monsoon,13,Low,29
late_night,monday,western,clear,5,Minimal,4
late_night,monday,western,clear,4,Minimal,13
early_morning,thursday,western,heavy_monsoon,18,Minimal,14
morning_peak,tuesday,central,clear,18,Extreme,100
evening_peak,saturday,western,clear,8,Moderate,56
morning_peak,saturday,western,light_rain,5,Moderate,58
afternoon,monday,harbour,heavy_monsoon,20,Low,34
afternoon,thursday,western,heavy_monsoon,17,Moderate,50
afternoon,monday,harbour,light_rain,7,Moderate,43
night,sunday,harbour,light_rain,3,Minimal,13
late_night,wednesday,central,clear,6,Minimal,12
night,saturday,western,clear,3,Minimal,6
early_morning,sunday,western,clear,4,Minimal,7
afternoon,friday,harbour,light_rain,2,Moderate,43
evening_peak,wednesday,central,heavy_monsoon,29,Extreme,100
morning_peak,monday,central,clear,10,High,79
late_night,tuesday,western,light_rain,5,Minimal,12
mid_morning,saturday,harbour,heavy_monsoon,15,Low,34
evening_peak,friday,western,light_rain,15,Extreme,100
late_night,wednesday,western,clear,5,Minimal,12
night,saturday,western,light_rain,6,Minimal,15
night,thursday,western,light_rain,9,Low,25
evening_peak,tuesday,harbour,light_rain,14,Extreme,100
night,wednesday,central,light_rain,9,Low,21
afternoon,thursday,western,heavy_monsoon,17,Moderate,52
early_morning,sunday,western,clear,5,Minimal,8
morning_peak,monday,western,heavy_monsoon,26,Extreme,100
early_morning,thursday,western,light_rain,5,Low,26
late_night,wednesday,central,light_rain,6,Minimal,11
morning_peak,wednesday,central,clear,16,Extreme,98
morning_peak,sunday,central,clear,7,Moderate,45
early_morning,monday,central,heavy_monsoon,19,Moderate,44
evening_peak,thursday,western,heavy_monsoon,28,Extreme,100
morning_peak,thursday,harbour,clear,12,Extreme,100
early_morning,monday,central,heavy_monsoon,16,Low,29
morning_peak,thursday,central,light_rain,17,Extreme,100
mid_morning,saturday,western,light_rain,5,Low,21
evening_peak,monday,western,clear,14,Extreme,100
afternoon,tuesday,western,heavy_monsoon,13,Low,32
morning_peak,wednesday,western,light_rain,10,High,83
mid_morning,tuesday,harbour,clear,2,Low,30
afternoon,saturday,harbour,heavy_monsoon,14,Low,21
afternoon,sunday,central,light_rain,4,Minimal,9
late_night,saturday,harbour,heavy_monsoon,12,Low,23
morning_peak,friday,central,heavy_monsoon,26,Extreme,100
early_morning,friday,central,heavy_monsoon,16,Low,25
morning_peak,friday,harbour,clear,8,Extreme,100
mid_morning,monday,central,light_rain,12,Moderate,51
afternoon,thursday,western,clear,6,Low,23
morning_peak,saturday,central,light_rain,8,Low,34
early_morning,tuesday,western,light_rain,8,Minimal,13
late_night,sunday,harbour,clear,3,Minimal,3
morning_peak,tuesday,harbour,clear,12,High,83
evening_peak,tuesday,central,light_rain,18,Extreme,100
late_night,tuesday,western,light_rain,4,Low,20
early_morning,sunday,central,light_rain,3,Minimal,13
mid_morning,friday,harbour,heavy_monsoon,15,Moderate,56
afternoon,tuesday,central,light_rain,6,Moderate,46
morning_peak,sunday,central,clear,7,Moderate,51
early_morning,sunday,western,clear,0,Minimal,8
late_night,thursday,harbour,clear,3,Minimal,5
evening_peak,sunday,central,light_rain,10,High,61
early_morning,friday,western,light_rain,9,Low,24
night,tuesday,central,heavy_monsoon,15,Low,33
evening_peak,sunday,western,heavy_monsoon,23,Moderate,57
late_night,monday,western,clear,3,Minimal,10
mid_morning,sunday,central,heavy_monsoon,14,Low,30
afternoon,wednesday,harbour,heavy_monsoon,12,Moderate,51
late_night,wednesday,harbour,clear,2,Minimal,4
mid_morning,wednesday,western,light_rain,10,Moderate,44
morning_peak,sunday,harbour,heavy_monsoon,15,Moderate,55
early_morning,friday,western,light_rain,7,Minimal,12
night,tuesday,harbour,clear,0,Minimal,15
evening_peak,saturday,central,clear,7,Moderate,54
evening_peak,saturday,harbour,heavy_monsoon,17,High,64
early_morning,saturday,western,clear,0,Minimal,7
night,friday,western,clear,0,Low,23
early_morning,thursday,harbour,clear,4,Minimal,12
morning_peak,monday,central,heavy_monsoon,27,Extreme,100
mid_morning,monday,western,heavy_monsoon,20,Moderate,59
late_night,wednesday,western,heavy_monsoon,12,Low,31
evening_peak,wednesday,western,clear,14,Extreme,100
morning_peak,sunday,western,light_rain,10,Moderate,55
mid_morning,saturday,western,clear,2,Minimal,15
morning_peak,sunday,central,heavy_monsoon,20,Moderate,57
night,saturday,harbour,light_rain,7,Minimal,5
evening_peak,wednesday,central,light_rain,20,Extreme,100
late_night,tuesday,central,heavy_monsoon,14,Minimal,14
early_morning,thursday,western,light_rain,3,Low,24
early_morning,sunday,central,light_rain,5,Low,20
mid_morning,thursday,western,heavy_monsoon,17,High,61
late_night,thursday,central,light_rain,6,Low,20
afternoon,thursday,western,light_rain,5,Low,34
night,wednesday,western,heavy_monsoon,16,Low,32
mid_morning,monday,central,light_rain,11,Moderate,51
afternoon,wednesday,central,light_rain,8,Moderate,45
morning_peak,thursday,harbour,light_rain,7,High,80
night,wednesday,harbour,light_rain,4,Low,29
morning_peak,thursday,harbour,heavy_monsoon,19,Extreme,100
late_night,friday,central,clear,2,Minimal,10
evening_peak,saturday,central,clear,7,Moderate,43
night,monday,western,light_rain,7,Low,31
afternoon,friday,harbour,heavy_monsoon,13,Moderate,59
evening_peak,tuesday,western,heavy_monsoon,23,Extreme,100
early_morning,wednesday,western,light_rain,6,Low,25
afternoon,tuesday,western,clear,0,Low,28
mid_morning,sunday,western,light_rain,7,Low,29
early_morning,wednesday,harbour,heavy_monsoon,14,Low,30
early_morning,saturday,western,heavy_monsoon,15,Low,31
mid_morning,friday,central,clear,7,Low,34
night,saturday,central,heavy_monsoon,17,Minimal,15
early_morning,sunday,central,heavy_monsoon,14,Moderate,42
late_night,thursday,harbour,heavy_monsoon,14,Low,29
afternoon,saturday,western,clear,2,Minimal,14
evening_peak,saturday,harbour,heavy_monsoon,19,Moderate,56
early_morning,thursday,western,light_rain,6,Low,26
afternoon,wednesday,harbour,clear,3,Low,26
morning_peak,thursday,harbour,light_rain,14,Extreme,100
afternoon,friday,western,light_rain,6,Moderate,47
evening_peak,saturday,harbour,clear,8,Moderate,57
afternoon,thursday,western,light_rain,7,Low,32
mid_morning,sunday,central,clear,2,Low,20
evening_peak,sunday,central,light_rain,14,Moderate,59
night,saturday,central,clear,6,Minimal,2
morning_peak,friday,harbour,heavy_monsoon,21,Extreme,100
mid_morning,tuesday,central,heavy_monsoon,18,Moderate,51
night,friday,western,light_rain,4,Low,28
afternoon,monday,central,heavy_monsoon,15,Moderate,58
evening_peak,monday,central,clear,17,Extreme,100
morning_peak,monday,harbour,light_rain,11,Extreme,100
mid_morning,saturday,western,heavy_monsoon,18,Low,27
night,sunday,harbour,heavy_monsoon,12,Low,22
night,wednesday,harbour,light_rain,4,Minimal,14
morning_peak,sunday,western,heavy_monsoon,17,Moderate,56
late_night,wednesday,harbour,heavy_monsoon,11,Low,27
afternoon,wednesday,western,light_rain,7,Moderate,44
morning_peak,sunday,central,heavy_monsoon,18,High,65
night,saturday,western,heavy_monsoon,14,Low,22
early_morning,friday,western,heavy_monsoon,18,Low,32
mid_morning,wednesday,western,heavy_monsoon,17,Moderate,59
morning_peak,tuesday,harbour,light_rain,10,Extreme,100
late_night,sunday,western,clear,5,Minimal,0
night,sunday,western,clear,1,Minimal,9
afternoon,monday,western,heavy_monsoon,16,Moderate,47
night,friday,central,heavy_monsoon,20,Low,32
afternoon,monday,western,clear,5,Low,26
morning_peak,sunday,harbour,heavy_monsoon,17,High,66
afternoon,sunday,western,clear,2,Minimal,10
evening_peak,wednesday,western,light_rain,15,Extreme,100
evening_peak,friday,central,light_rain,20,Extreme,100
evening_peak,thursday,western,light_rain,15,Extreme,100
late_night,tuesday,harbour,light_rain,3,Minimal,12
late_night,wednesday,western,light_rain,9,Minimal,14
early_morning,sunday,harbour,light_rain,6,Minimal,8
late_night,wednesday,central,clear,5,Minimal,5
morning_peak,tuesday,western,heavy_monsoon,21,Extreme,100
night,sunday,central,clear,2,Minimal,8
night,tuesday,western,light_rain,8,Low,26
early_morning,thursday,harbour,heavy_monsoon,12,Low,29
late_night,wednesday,central,heavy_monsoon,13,Low,31
afternoon,saturday,western,light_rain,8,Minimal,13
early_morning,wednesday,harbour,light_rain,6,Low,23
afternoon,monday,central,light_rain,12,Moderate,55
afternoon,friday,western,light_rain,9,Low,31
mid_morning,friday,central,light_rain,8,Moderate,50
night,monday,western,light_rain,6,Low,20
evening_peak,sunday,harbour,heavy_monsoon,17,High,78
late_night,friday,harbour,light_rain,6,Minimal,9
afternoon,tuesday,central,light_rain,9,Moderate,43
mid_morning,friday,central,heavy_monsoon,20,Moderate,48
night,friday,western,clear,3,Low,24
evening_peak,monday,harbour,light_rain,12,Extreme,100
afternoon,sunday,western,heavy_monsoon,14,Low,32
afternoon,thursday,harbour,heavy_monsoon,14,Moderate,47
early_morning,friday,central,clear,7,Minimal,14
early_morning,saturday,western,light_rain,5,Minimal,4
night,friday,western,light_rain,5,Moderate,46
evening_peak,thursday,harbour,light_rain,16,Extreme,100
afternoon,monday,harbour,heavy_monsoon,11,Moderate,42
night,thursday,harbour,light_rain,3,Low,20
night,monday,central,light_rain,7,Low,31
morning_peak,tuesday,western,light_rain,13,Extreme,100
late_night,monday,harbour,light_rain,4,Low,22
early_morning,tuesday,central,clear,6,Low,20
evening_peak,tuesday,harbour,clear,12,Extreme,100
afternoon,monday,western,clear,8,Low,26
night,saturday,harbour,light_rain,1,Minimal,8
afternoon,wednesday,western,light_rain,5,Low,30
morning_peak,monday,central,heavy_monsoon,29,Extreme,100
evening_peak,friday,central,heavy_monsoon,25,Extreme,100
night,saturday,harbour,heavy_monsoon,13,Low,32
afternoon,saturday,western,light_rain,6,Low,25
early_morning,friday,western,clear,4,Minimal,9
late_night,wednesday,western,clear,3,Minimal,5
morning_peak,saturday,harbour,clear,4,Low,34
evening_peak,tuesday,western,light_rain,15,Extreme,100
morning_peak,wednesday,western,clear,11,Extreme,98
early_morning,sunday,western,heavy_monsoon,14,Low,21
evening_peak,friday,western,heavy_monsoon,24,Extreme,100
morning_peak,wednesday,harbour,clear,11,High,82
mid_morning,monday,harbour,heavy_monsoon,17,Moderate,58
early_morning,wednesday,western,clear,3,Minimal,15
early_morning,tuesday,western,clear,3,Minimal,14
early_morning,monday,central,heavy_monsoon,15,Low,30
mid_morning,thursday,central,heavy_monsoon,16,High,62
mid_morning,friday,western,heavy_monsoon,19,High,69
afternoon,friday,western,heavy_monsoon,14,Moderate,47
night,wednesday,central,clear,7,Low,24
late_night,saturday,central,heavy_monsoon,17,Low,26
morning_peak,monday,western,heavy_monsoon,19,Extreme,100
afternoon,thursday,harbour,light_rain,7,Low,34
morning_peak,monday,harbour,heavy_monsoon,20,Extreme,100
late_night,friday,western,heavy_monsoon,14,Minimal,7
night,monday,western,clear,3,Low,33
mid_morning,thursday,central,clear,5,Moderate,50
night,saturday,central,light_rain,8,Minimal,12
mid_morning,wednesday,harbour,heavy_monsoon,17,Moderate,57
late_night,tuesday,western,heavy_monsoon,13,Low,22
night,monday,central,heavy_monsoon,19,Low,34
afternoon,tuesday,harbour,heavy_monsoon,14,Moderate,53
evening_peak,friday,harbour,heavy_monsoon,22,Extreme,100
afternoon,wednesday,harbour,heavy_monsoon,14,Low,33
morning_peak,sunday,central,light_rain,16,Moderate,50
afternoon,wednesday,central,heavy_monsoon,16,Moderate,47
late_night,monday,western,heavy_monsoon,13,Low,24
early_morning,saturday,western,heavy_monsoon,16,Low,23
morning_peak,wednesday,harbour,light_rain,9,Extreme,99
night,monday,harbour,heavy_monsoon,15,Low,31
morning_peak,monday,central,light_rain,17,Extreme,100
evening_peak,tuesday,central,clear,14,Extreme,99
mid_morning,wednesday,western,heavy_monsoon,16,Moderate,47
night,monday,western,light_rain,9,Low,21
morning_peak,tuesday,western,clear,9,High,77
night,thursday,central,light_rain,4,Low,27
night,sunday,harbour,light_rain,3,Minimal,6
night,tuesday,western,clear,3,Low,24
mid_morning,tuesday,western,heavy_monsoon,17,High,61
late_night,monday,central,heavy_monsoon,18,Low,29
afternoon,friday,western,light_rain,8,Moderate,45
night,friday,harbour,clear,7,Minimal,12
early_morning,saturday,central,heavy_monsoon,15,Minimal,14
late_night,friday,western,light_rain,6,Minimal,9
evening_peak,tuesday,western,clear,14,Extreme,100
mid_morning,saturday,central,light_rain,10,Low,22
morning_peak,monday,central,clear,14,Extreme,98
mid_morning,wednesday,western,heavy_monsoon,23,High,61
morning_peak,sunday,harbour,heavy_monsoon,19,High,65
mid_morning,sunday,central,light_rain,9,Minimal,13
morning_peak,tuesday,harbour,heavy_monsoon,19,Extreme,100
night,tuesday,western,heavy_monsoon,16,Low,34
afternoon,saturday,harbour,clear,0,Minimal,12
morning_peak,monday,western,heavy_monsoon,19,Extreme,100
morning_peak,thursday,western,clear,12,Extreme,100
early_morning,tuesday,western,clear,4,Minimal,13
morning_peak,thursday,western,light_rain,11,Extreme,100
early_morning,thursday,harbour,clear,1,Low,21
evening_peak,friday,western,heavy_monsoon,24,Extreme,100
night,monday,western,clear,6,Minimal,12
early_morning,sunday,harbour,clear,1,Minimal,8
afternoon,sunday,central,light_rain,7,Low,24
late_night,thursday,harbour,heavy_monsoon,17,Minimal,15
night,sunday,harbour,heavy_monsoon,10,Low,25
early_morning,monday,harbour,heavy_monsoon,15,Moderate,42
night,friday,western,clear,2,Minimal,11
night,monday,western,heavy_monsoon,18,Moderate,45
night,tuesday,western,heavy_monsoon,15,Low,24
evening_peak,thursday,central,clear,14,Extreme,100
afternoon,monday,western,light_rain,9,Low,27
mid_morning,sunday,central,light_rain,8,Low,23
mid_morning,wednesday,western,clear,8,Low,32
early_morning,monday,harbour,light_rain,4,Low,25
night,thursday,western,light_rain,6,Low,23
early_morning,friday,central,light_rain,11,Low,31
evening_peak,sunday,central,heavy_monsoon,18,High,66
evening_peak,friday,western,light_rain,12,Extreme,100
morning_peak,thursday,harbour,heavy_monsoon,22,Extreme,100
evening_peak,sunday,western,light_rain,9,High,63
morning_peak,tuesday,western,heavy_monsoon,26,Extreme,100
afternoon,sunday,western,clear,0,Minimal,14
early_morning,tuesday,harbour,clear,2,Low,28
late_night,friday,central,light_rain,6,Minimal,14
afternoon,friday,harbour,heavy_monsoon,17,Moderate,50
evening_peak,thursday,central,clear,17,Extreme,100
afternoon,tuesday,central,clear,4,Low,24
afternoon,friday,central,clear,5,Low,29
afternoon,tuesday,harbour,clear,5,Low,31
evening_peak,friday,western,light_rain,16,Extreme,100
late_night,sunday,western,heavy_monsoon,15,Minimal,9
night,monday,western,clear,1,Low,22
afternoon,wednesday,western,light_rain,9,Moderate,44
morning_peak,sunday,western,clear,6,Moderate,48
evening_peak,saturday,harbour,clear,3,Moderate,47
afternoon,monday,harbour,clear,2,Low,24
late_night,saturday,harbour,clear,0,Minimal,4
night,friday,harbour,light_rain,5,Low,26
evening_peak,wednesday,harbour,heavy_monsoon,16,Extreme,100
mid_morning,wednesday,harbour,light_rain,6,Moderate,46
night,friday,harbour,light_rain,3,Moderate,42
morning_peak,friday,western,light_rain,18,High,81
afternoon,tuesday,central,clear,5,Low,33
late_night,friday,harbour,heavy_monsoon,13,Low,22
mid_morning,thursday,central,clear,6,Moderate,44
late_night,friday,harbour,light_rain,10,Low,22
mid_morning,thursday,harbour,clear,2,Low,32
evening_peak,friday,western,heavy_monsoon,24,Extreme,100
mid_morning,tuesday,central,heavy_monsoon,17,High,62
morning_peak,thursday,western,clear,10,Extreme,100
morning_peak,monday,western,light_rain,18,Extreme,100
early_morning,thursday,central,clear,4,Minimal,11
morning_peak,sunday,western,light_rain,10,High,61
night,tuesday,harbour,heavy_monsoon,17,Moderate,42
mid_morning,saturday,harbour,clear,1,Low,20
morning_peak,thursday,harbour,heavy_monsoon,21,Extreme,100
evening_peak,sunday,harbour,light_rain,7,Moderate,53
late_night,sunday,harbour,light_rain,3,Minimal,12
late_night,sunday,western,clear,3,Minimal,3
early_morning,friday,western,clear,1,Low,21
late_night,sunday,harbour,clear,2,Minimal,5
mid_morning,friday,harbour,heavy_monsoon,15,Moderate,55
early_morning,saturday,western,light_rain,8,Minimal,13
mid_morning,tuesday,central,light_rain,12,Moderate,44
evening_peak,wednesday,western,heavy_monsoon,27,Extreme,100
early_morning,friday,western,clear,3,Low,22
afternoon,sunday,western,clear,5,Minimal,8
night,sunday,western,heavy_monsoon,13,Low,27
night,monday,western,light_rain,7,Low,29
mid_morning,sunday,central,light_rain,8,Low,26
late_night,tuesday,harbour,light_rain,4,Minimal,13
afternoon,thursday,harbour,light_rain,10,Low,34
early_morning,thursday,central,heavy_monsoon,19,Moderate,46
afternoon,sunday,harbour,light_rain,3,Low,24
afternoon,monday,harbour,heavy_monsoon,13,Moderate,59
late_night,friday,harbour,clear,2,Minimal,10
early_morning,tuesday,central,heavy_monsoon,14,Low,28
evening_peak,monday,central,light_rain,19,Extreme,100
late_night,friday,harbour,clear,1,Minimal,13
afternoon,tuesday,harbour,heavy_monsoon,16,Moderate,44
afternoon,sunday,harbour,heavy_monsoon,15,Low,22
evening_peak,thursday,western,heavy_monsoon,21,Extreme,100
afternoon,tuesday,western,clear,3,Low,30
afternoon,sunday,western,heavy_monsoon,16,Low,33
afternoon,saturday,central,light_rain,7,Minimal,11
night,wednesday,harbour,clear,1,Low,22
late_night,tuesday,central,clear,3,Minimal,6
morning_peak,wednesday,central,heavy_monsoon,25,Extreme,100
late_night,tuesday,central,light_rain,7,Minimal,13
evening_peak,wednesday,harbour,clear,11,Extreme,99
afternoon,saturday,western,heavy_monsoon,16,Low,31
late_night,thursday,harbour,light_rain,6,Minimal,15
night,friday,harbour,heavy_monsoon,13,Moderate,45
evening_peak,wednesday,central,heavy_monsoon,27,Extreme,100
mid_morning,saturday,central,clear,2,Minimal,14
late_night,wednesday,central,clear,2,Minimal,11
mid_morning,thursday,western,heavy_monsoon,19,High,68
afternoon,wednesday,western,clear,5,Low,24
night,saturday,western,clear,4,Minimal,11
night,sunday,harbour,light_rain,4,Minimal,12
late_night,saturday,central,light_rain,3,Minimal,6
evening_peak,monday,harbour,heavy_monsoon,19,Extreme,100
evening_peak,thursday,western,heavy_monsoon,25,Extreme,100
night,sunday,central,heavy_monsoon,13,Low,30
evening_peak,monday,western,heavy_monsoon,22,Extreme,100
night,thursday,central,light_rain,10,Minimal,14
late_night,sunday,central,clear,2,Minimal,2
morning_peak,wednesday,harbour,light_rain,12,Extreme,100
night,sunday,harbour,heavy_monsoon,15,Low,30
mid_morning,saturday,western,heavy_monsoon,20,Low,31
evening_peak,monday,harbour,light_rain,14,Extreme,100
night,wednesday,harbour,light_rain,7,Moderate,42
night,saturday,harbour,heavy_monsoon,12,Low,22
late_night,thursday,central,clear,2,Minimal,6
evening_peak,sunday,harbour,heavy_monsoon,17,High,69
morning_peak,saturday,western,light_rain,11,Moderate,51
late_night,wednesday,central,heavy_monsoon,17,Minimal,12
morning_peak,monday,central,heavy_monsoon,31,Extreme,100
late_night,monday,harbour,clear,1,Minimal,12
evening_peak,sunday,central,heavy_monsoon,20,Moderate,52
early_morning,saturday,western,heavy_monsoon,14,Low,27
evening_peak,wednesday,western,heavy_monsoon,26,Extreme,100
evening_peak,tuesday,central,light_rain,21,Extreme,100
morning_peak,thursday,harbour,light_rain,12,Extreme,100
morning_peak,thursday,harbour,clear,8,Extreme,98
evening_peak,wednesday,central,heavy_monsoon,28,Extreme,100
evening_peak,tuesday,western,light_rain,14,Extreme,100
evening_peak,monday,central,clear,18,Extreme,100
morning_peak,sunday,harbour,heavy_monsoon,18,High,62
evening_peak,friday,harbour,clear,9,Extreme,100
evening_peak,friday,central,clear,13,Extreme,100
afternoon,sunday,western,clear,8,Low,21
early_morning,wednesday,central,clear,2,Minimal,6
mid_morning,tuesday,western,clear,7,Low,29
early_morning,tuesday,western,clear,2,Low,27
afternoon,thursday,central,clear,9,Moderate,45
mid_morning,monday,central,heavy_monsoon,19,High,63
late_night,saturday,western,heavy_monsoon,9,Minimal,9
evening_peak,tuesday,western,clear,12,Extreme,100
afternoon,sunday,western,heavy_monsoon,14,Low,32
late_night,saturday,western,clear,0,Minimal,6
evening_peak,friday,harbour,heavy_monsoon,22,Extreme,100
morning_peak,saturday,central,light_rain,10,Moderate,52
night,monday,western,clear,1,Low,22
afternoon,sunday,central,light_rain,8,Minimal,15
morning_peak,monday,western,clear,10,Extreme,100
afternoon,saturday,central,clear,8,Low,26
afternoon,wednesday,central,light_rain,9,Moderate,45
morning_peak,tuesday,western,light_rain,18,Extreme,100
mid_morning,sunday,western,light_rain,7,Low,22
early_morning,wednesday,central,clear,9,Low,23
evening_peak,saturday,central,light_rain,11,Moderate,52
afternoon,tuesday,central,light_rain,5,Low,26
evening_peak,thursday,harbour,heavy_monsoon,20,Extreme,100
night,wednesday,western,heavy_monsoon,16,Low,28
morning_peak,wednesday,harbour,light_rain,10,Extreme,100
evening_peak,saturday,harbour,light_rain,11,Moderate,49
morning_peak,friday,western,light_rain,15,Extreme,100
evening_peak,saturday,western,light_rain,9,Moderate,49
early_morning,wednesday,harbour,heavy_monsoon,16,Low,29
early_morning,tuesday,western,clear,2,Low,24
early_morning,friday,central,light_rain,9,Low,20
early_morning,saturday,central,light_rain,6,Low,20
early_morning,sunday,harbour,heavy_monsoon,13,Low,26
early_morning,saturday,harbour,light_rain,4,Minimal,11
morning_peak,wednesday,western,light_rain,13,Extreme,100
afternoon,wednesday,western,heavy_monsoon,16,Moderate,45
evening_peak,thursday,harbour,light_rain,10,Extreme,100
early_morning,saturday,harbour,light_rain,2,Minimal,9
morning_peak,wednesday,central,heavy_monsoon,28,Extreme,100
morning_peak,sunday,central,clear,5,Moderate,50
morning_peak,monday,western,light_rain,15,Extreme,100
afternoon,friday,central,light_rain,12,Low,26
evening_peak,monday,western,clear,14,Extreme,100
afternoon,friday,western,heavy_monsoon,17,Moderate,54
mid_morning,sunday,western,clear,4,Low,24
late_night,saturday,central,light_rain,5,Minimal,1
morning_peak,thursday,harbour,clear,8,Extreme,98
mid_morning,wednesday,harbour,heavy_monsoon,18,High,64
night,wednesday,central,light_rain,7,Low,21
early_morning,wednesday,harbour,heavy_monsoon,15,Low,28
late_night,saturday,western,heavy_monsoon,12,Low,31
early_morning,friday,harbour,clear,1,Minimal,9
afternoon,sunday,central,clear,4,Minimal,15
late_night,wednesday,harbour,heavy_monsoon,15,Low,29
evening_peak,monday,western,heavy_monsoon,25,Extreme,100
mid_morning,wednesday,western,light_rain,11,Moderate,58
evening_peak,saturday,central,heavy_monsoon,18,High,61
afternoon,sunday,central,heavy_monsoon,16,Low,29
early_morning,thursday,central,clear,0,Minimal,13
late_night,sunday,western,heavy_monsoon,14,Minimal,15
evening_peak,monday,harbour,heavy_monsoon,21,Extreme,100
evening_peak,wednesday,harbour,clear,9,Extreme,100
early_morning,wednesday,central,light_rain,7,Low,25
late_night,tuesday,harbour,clear,2,Minimal,2
mid_morning,friday,harbour,clear,2,Low,34
early_morning,monday,central,heavy_monsoon,18,Low,30
evening_peak,tuesday,central,heavy_monsoon,26,Extreme,100
mid_morning,sunday,western,light_rain,9,Minimal,13
mid_morning,thursday,western,heavy_monsoon,18,Low,34
early_morning,friday,western,light_rain,5,Low,33
evening_peak,monday,western,light_rain,16,Extreme,100
afternoon,wednesday,harbour,light_rain,4,Low,29
evening_peak,sunday,harbour,light_rain,7,Moderate,45
morning_peak,monday,western,heavy_monsoon,24,Extreme,100
late_night,wednesday,western,clear,1,Low,23
night,friday,central,clear,4,Low,28
afternoon,wednesday,harbour,heavy_monsoon,13,Moderate,51
mid_morning,thursday,harbour,heavy_monsoon,17,Moderate,53
afternoon,sunday,western,light_rain,6,Minimal,13
late_night,saturday,harbour,heavy_monsoon,12,Minimal,14
mid_morning,wednesday,central,clear,4,Moderate,46
late_night,thursday,central,heavy_monsoon,16,Low,23
mid_morning,saturday,harbour,heavy_monsoon,15,Low,27
afternoon,sunday,western,light_rain,3,Minimal,15
mid_morning,friday,harbour,light_rain,9,Moderate,48
mid_morning,friday,central,light_rain,9,Moderate,50
morning_peak,sunday,western,light_rain,7,Moderate,44
evening_peak,sunday,harbour,clear,4,Moderate,45
evening_peak,monday,western,heavy_monsoon,22,Extreme,100
night,thursday,western,heavy_monsoon,20,Low,27
night,thursday,central,light_rain,7,Low,28
morning_peak,sunday,western,clear,3,Moderate,44
night,tuesday,harbour,clear,2,Low,25
late_night,tuesday,western,heavy_monsoon,13,Low,22
afternoon,saturday,western,light_rain,7,Low,22
early_morning,saturday,harbour,heavy_monsoon,15,Minimal,11
late_night,tuesday,central,heavy_monsoon,13,Low,33
early_morning,sunday,central,clear,2,Minimal,7
early_morning,sunday,harbour,clear,1,Minimal,14
morning_peak,saturday,harbour,heavy_monsoon,15,High,65
late_night,wednesday,central,light_rain,6,Minimal,8
morning_peak,sunday,western,light_rain,9,Moderate,47
mid_morning,tuesday,harbour,heavy_monsoon,14,High,65
early_morning,thursday,western,heavy_monsoon,13,Moderate,42
afternoon,sunday,harbour,light_rain,3,Low,27
night,sunday,central,light_rain,5,Minimal,15
afternoon,wednesday,western,light_rain,7,Low,23
night,saturday,western,heavy_monsoon,11,Minimal,12
early_morning,sunday,harbour,clear,2,Minimal,8
early_morning,friday,western,light_rain,7,Low,21
early_morning,monday,harbour,light_rain,1,Low,31
morning_peak,tuesday,central,light_rain,19,Extreme,100
late_night,friday,western,heavy_monsoon,16,Low,24
night,saturday,harbour,clear,2,Minimal,6
late_night,thursday,western,clear,0,Minimal,4
morning_peak,monday,harbour,light_rain,10,Extreme,100
morning_peak,friday,harbour,heavy_monsoon,18,Extreme,100
evening_peak,monday,harbour,clear,10,Extreme,100
afternoon,tuesday,central,heavy_monsoon,16,Moderate,46
afternoon,saturday,western,clear,4,Minimal,15
mid_morning,sunday,central,light_rain,5,Low,20
morning_peak,thursday,harbour,heavy_monsoon,21,Extreme,100
night,saturday,harbour,light_rain,5,Minimal,13
evening_peak,monday,central,clear,16,Extreme,100
evening_peak,friday,central,clear,12,Extreme,100
late_night,tuesday,western,light_rain,6,Low,22
afternoon,tuesday,harbour,clear,3,Low,20
morning_peak,saturday,central,light_rain,13,Moderate,57
mid_morning,sunday,harbour,light_rain,6,Low,21
morning_peak,friday,harbour,light_rain,13,Extreme,100
late_night,sunday,western,clear,3,Minimal,12
early_morning,sunday,western,heavy_monsoon,13,Low,26
morning_peak,friday,western,light_rain,13,Extreme,100
late_night,monday,central,heavy_monsoon,14,Low,32
early_morning,saturday,harbour,clear,1,Minimal,4
early_morning,saturday,central,clear,1,Minimal,7
mid_morning,wednesday,central,heavy_monsoon,20,Moderate,55
night,saturday,western,light_rain,5,Minimal,14
afternoon,tuesday,harbour,clear,3,Low,30
morning_peak,monday,harbour,light_rain,10,Extreme,100
early_morning,friday,western,light_rain,7,Low,27
morning_peak,saturday,harbour,heavy_monsoon,16,Moderate,56
night,monday,western,clear,5,Low,24
afternoon,saturday,central,heavy_monsoon,10,Moderate,45
night,friday,central,clear,6,Low,20
afternoon,thursday,western,heavy_monsoon,18,Moderate,52
evening_peak,friday,central,clear,17,Extreme,100
afternoon,friday,central,clear,6,Low,30
mid_morning,friday,western,clear,8,Moderate,43
night,saturday,central,light_rain,6,Minimal,10
early_morning,wednesday,harbour,light_rain,5,Low,28
evening_peak,friday,central,heavy_monsoon,26,Extreme,100
mid_morning,tuesday,western,heavy_monsoon,16,Moderate,49
morning_peak,tuesday,harbour,clear,7,Extreme,100
night,monday,harbour,clear,2,Minimal,14
late_night,wednesday,central,light_rain,10,Minimal,11
late_night,monday,harbour,light_rain,6,Minimal,15
early_morning,tuesday,western,light_rain,7,Minimal,12
afternoon,sunday,harbour,heavy_monsoon,16,Low,29
early_morning,tuesday,central,light_rain,9,Low,30
late_night,thursday,central,heavy_monsoon,18,Low,20
morning_peak,friday,harbour,light_rain,10,Extreme,100
evening_peak,sunday,western,light_rain,8,High,64
evening_peak,tuesday,western,clear,10,Extreme,100
night,saturday,central,heavy_monsoon,11,Low,28
evening_peak,saturday,central,light_rain,11,High,61
night,monday,western,clear,5,Minimal,11
night,sunday,harbour,heavy_monsoon,14,Minimal,15
night,monday,harbour,heavy_monsoon,15,Low,32
late_night,friday,harbour,light_rain,8,Low,31
late_night,friday,harbour,heavy_monsoon,13,Low,25
afternoon,thursday,western,clear,0,Low,21
mid_morning,wednesday,central,clear,8,Moderate,42
night,monday,central,heavy_monsoon,17,Low,31
night,friday,harbour,clear,3,Minimal,8
mid_morning,monday,western,heavy_monsoon,17,High,61
early_morning,friday,western,clear,7,Minimal,15
night,tuesday,harbour,heavy_monsoon,16,Low,31
afternoon,monday,harbour,heavy_monsoon,16,Moderate,47
evening_peak,tuesday,harbour,heavy_monsoon,25,Extreme,100
evening_peak,monday,central,clear,15,Extreme,100
morning_peak,wednesday,harbour,heavy_monsoon,22,Extreme,100
morning_peak,thursday,central,heavy_monsoon,27,Extreme,100
evening_peak,saturday,western,light_rain,10,Moderate,59
evening_peak,saturday,western,light_rain,9,Moderate,54
late_night,saturday,central,heavy_monsoon,12,Minimal,9
afternoon,tuesday,central,light_rain,10,Low,31
mid_morning,sunday,central,heavy_monsoon,17,Low,30
morning_peak,friday,central,light_rain,19,High,81
late_night,saturday,harbour,clear,0,Minimal,2
late_night,wednesday,western,clear,4,Minimal,12
mid_morning,saturday,harbour,heavy_monsoon,14,Low,29
late_night,monday,central,heavy_monsoon,16,Low,22
afternoon,tuesday,harbour,clear,5,Low,28
evening_peak,sunday,harbour,clear,8,Moderate,44
night,monday,western,light_rain,6,Low,23
mid_morning,sunday,harbour,heavy_monsoon,18,Low,31
evening_peak,monday,western,clear,10,Extreme,100
evening_peak,monday,central,clear,17,High,82
early_morning,thursday,harbour,heavy_monsoon,14,Low,27
mid_morning,thursday,central,light_rain,10,Moderate,49
late_night,friday,western,light_rain,5,Minimal,13
night,tuesday,central,light_rain,8,Moderate,43
mid_morning,wednesday,central,light_rain,13,Moderate,46
late_night,wednesday,western,clear,4,Minimal,13
evening_peak,wednesday,central,heavy_monsoon,27,Extreme,100
night,monday,central,heavy_monsoon,18,Low,31
late_night,thursday,central,clear,2,Minimal,9
afternoon,tuesday,harbour,clear,3,Low,27
late_night,monday,central,clear,3,Minimal,10
early_morning,sunday,western,heavy_monsoon,15,Moderate,42
evening_peak,thursday,harbour,heavy_monsoon,20,Extreme,100
late_night,thursday,harbour,heavy_monsoon,15,Low,30
morning_peak,saturday,western,light_rain,10,Moderate,45
morning_peak,saturday,central,clear,6,Moderate,47
early_morning,tuesday,harbour,clear,1,Minimal,9
afternoon,sunday,harbour,clear,0,Minimal,9
evening_peak,tuesday,harbour,heavy_monsoon,19,Extreme,100
mid_morning,tuesday,central,clear,8,Moderate,43
early_morning,monday,harbour,clear,4,Low,28
afternoon,friday,western,light_rain,8,Moderate,47
mid_morning,tuesday,central,heavy_monsoon,18,Moderate,52
morning_peak,saturday,western,clear,8,Moderate,51
morning_peak,friday,western,heavy_monsoon,25,Extreme,100
mid_morning,monday,harbour,heavy_monsoon,15,Moderate,55
early_morning,friday,harbour,heavy_monsoon,17,Low,29
morning_peak,wednesday,harbour,light_rain,12,Extreme,100
evening_peak,sunday,western,heavy_monsoon,18,Moderate,58
night,friday,central,heavy_monsoon,16,Low,32
late_night,tuesday,harbour,heavy_monsoon,10,Low,28
mid_morning,monday,harbour,clear,6,Moderate,43
mid_morning,sunday,western,light_rain,4,Minimal,14
morning_peak,tuesday,central,clear,19,High,70
early_morning,sunday,western,light_rain,2,Low,26
evening_peak,saturday,harbour,light_rain,13,High,66
early_morning,wednesday,western,heavy_monsoon,16,Low,28
afternoon,saturday,harbour,heavy_monsoon,11,Low,30
afternoon,tuesday,central,clear,4,Moderate,43
night,tuesday,western,light_rain,3,Low,28
morning_peak,tuesday,harbour,heavy_monsoon,22,Extreme,100
morning_peak,thursday,harbour,heavy_monsoon,22,Extreme,100
morning_peak,wednesday,harbour,heavy_monsoon,21,Extreme,100
night,sunday,harbour,heavy_monsoon,14,Low,26
afternoon,tuesday,western,clear,5,Low,27
early_morning,tuesday,harbour,clear,0,Minimal,10
night,sunday,western,heavy_monsoon,13,Low,24
night,saturday,harbour,heavy_monsoon,12,Minimal,15
early_morning,saturday,western,heavy_monsoon,13,Low,27
morning_peak,tuesday,western,heavy_monsoon,19,Extreme,100
evening_peak,monday,harbour,heavy_monsoon,22,Extreme,100
early_morning,thursday,harbour,light_rain,10,Low,22
afternoon,saturday,harbour,light_rain,4,Low,20
mid_morning,monday,harbour,light_rain,8,Moderate,48
mid_morning,thursday,central,light_rain,10,Low,34
late_night,tuesday,harbour,heavy_monsoon,10,Low,29
late_night,wednesday,harbour,light_rain,4,Low,22
night,friday,harbour,light_rain,6,Low,20
mid_morning,friday,western,clear,9,Moderate,43
evening_peak,tuesday,harbour,light_rain,11,Extreme,100
morning_peak,saturday,western,light_rain,7,Moderate,54
afternoon,monday,western,heavy_monsoon,16,High,62
late_night,wednesday,western,light_rain,6,Low,27
evening_peak,sunday,western,light_rain,8,Moderate,54
afternoon,thursday,central,heavy_monsoon,20,Moderate,53
afternoon,tuesday,harbour,light_rain,6,Low,28
morning_peak,wednesday,western,heavy_monsoon,19,Extreme,100
night,wednesday,harbour,light_rain,5,Low,28
mid_morning,saturday,western,clear,0,Minimal,11
morning_peak,thursday,central,clear,15,Extreme,100
evening_peak,wednesday,western,light_rain,16,Extreme,100
night,saturday,harbour,clear,0,Minimal,13
evening_peak,monday,harbour,heavy_monsoon,23,Extreme,100
night,saturday,central,light_rain,7,Minimal,13
late_night,monday,harbour,heavy_monsoon,12,Low,30
evening_peak,monday,harbour,clear,10,Extreme,100
morning_peak,sunday,western,heavy_monsoon,16,Moderate,54
night,sunday,harbour,clear,3,Minimal,11
night,wednesday,western,clear,1,Minimal,13
afternoon,saturday,central,clear,7,Minimal,14
afternoon,sunday,harbour,heavy_monsoon,16,Moderate,42
early_morning,monday,western,clear,1,Low,28
evening_peak,sunday,harbour,light_rain,6,High,61
afternoon,thursday,western,clear,4,Low,32
early_morning,wednesday,central,light_rain,6,Low,27
late_night,saturday,western,light_rain,7,Minimal,14
late_night,saturday,harbour,light_rain,4,Minimal,5
afternoon,friday,western,light_rain,7,Moderate,43
evening_peak,saturday,harbour,heavy_monsoon,18,High,71
night,wednesday,central,light_rain,6,Low,23
mid_morning,thursday,western,clear,4,Low,34
evening_peak,saturday,harbour,light_rain,8,Moderate,58
morning_peak,friday,harbour,clear,6,High,80
late_night,wednesday,harbour,heavy_monsoon,12,Low,34
afternoon,monday,western,light_rain,7,Low,26
afternoon,tuesday,western,clear,5,Low,28
night,tuesday,western,heavy_monsoon,13,Low,32
morning_peak,monday,central,heavy_monsoon,26,Extreme,100
night,sunday,harbour,clear,3,Minimal,12
morning_peak,saturday,harbour,light_rain,8,Moderate,58
mid_morning,tuesday,central,heavy_monsoon,18,Moderate,53
late_night,sunday,central,clear,2,Minimal,6
afternoon,tuesday,western,light_rain,5,Moderate,50
afternoon,monday,western,heavy_monsoon,15,Moderate,53
mid_morning,saturday,western,clear,4,Minimal,3
early_morning,saturday,western,heavy_monsoon,14,Low,31
late_night,sunday,western,heavy_monsoon,12,Minimal,8
night,monday,western,clear,3,Low,25
mid_morning,sunday,central,heavy_monsoon,16,Low,26
night,saturday,central,clear,0,Minimal,3
evening_peak,saturday,central,light_rain,8,Moderate,54
afternoon,wednesday,harbour,clear,4,Low,30
night,sunday,harbour,light_rain,5,Low,20
morning_peak,wednesday,western,heavy_monsoon,26,Extreme,100
night,monday,central,clear,5,Low,24
evening_peak,thursday,harbour,clear,10,Extreme,100
late_night,tuesday,harbour,clear,2,Low,20
afternoon,wednesday,central,clear,9,Low,20
mid_morning,tuesday,harbour,light_rain,8,Moderate,48
evening_peak,friday,harbour,light_rain,15,Extreme,100
afternoon,monday,central,heavy_monsoon,18,Moderate,46
night,thursday,harbour,heavy_monsoon,16,Low,29
late_night,friday,central,heavy_monsoon,14,Low,20
early_morning,friday,harbour,heavy_monsoon,14,Low,29
late_night,saturday,central,clear,3,Minimal,4
early_morning,friday,harbour,light_rain,8,Low,23
morning_peak,monday,harbour,light_rain,9,Extreme,100
late_night,wednesday,central,light_rain,7,Low,26
afternoon,monday,harbour,light_rain,5,Moderate,51
early_morning,wednesday,central,heavy_monsoon,16,Low,29
mid_morning,friday,central,clear,9,Moderate,51
afternoon,friday,harbour,light_rain,8,Low,27
mid_morning,thursday,western,clear,6,Moderate,55
late_night,wednesday,harbour,clear,0,Minimal,11
mid_morning,friday,western,clear,5,Low,31
early_morning,saturday,western,clear,4,Minimal,1
afternoon,tuesday,harbour,light_rain,6,Moderate,47
night,thursday,western,light_rain,8,Low,30
evening_peak,monday,central,light_rain,19,Extreme,100
early_morning,thursday,central,heavy_monsoon,15,Low,27
early_morning,tuesday,western,light_rain,8,Low,25
night,wednesday,central,heavy_monsoon,18,Low,31
afternoon,monday,harbour,heavy_monsoon,14,Moderate,53
afternoon,monday,central,heavy_monsoon,13,Low,29
late_night,wednesday,western,light_rain,7,Minimal,11
mid_morning,sunday,harbour,light_rain,6,Low,26
late_night,sunday,central,light_rain,6,Minimal,7
night,thursday,harbour,heavy_monsoon,14,Low,32
late_night,friday,western,heavy_monsoon,15,Low,28
night,sunday,central,clear,5,Minimal,4
afternoon,thursday,harbour,heavy_monsoon,20,Moderate,48
mid_morning,sunday,harbour,heavy_monsoon,14,Low,32
late_night,tuesday,central,light_rain,4,Minimal,12
early_morning,saturday,harbour,clear,4,Minimal,14
morning_peak,friday,harbour,clear,9,Extreme,100
evening_peak,thursday,western,clear,13,Extreme,100
early_morning,saturday,western,light_rain,3,Minimal,8
afternoon,saturday,western,clear,1,Low,23
evening_peak,sunday,western,clear,8,Moderate,59
morning_peak,wednesday,western,light_rain,15,Extreme,100
morning_peak,tuesday,western,clear,13,Extreme,100
mid_morning,tuesday,central,heavy_monsoon,20,Moderate,49
evening_peak,tuesday,western,heavy_monsoon,22,Extreme,100
mid_morning,friday,harbour,heavy_monsoon,16,Moderate,59
early_morning,monday,central,heavy_monsoon,14,Low,32
night,friday,harbour,heavy_monsoon,13,Moderate,43
night,thursday,western,heavy_monsoon,17,Moderate,47
night,saturday,western,heavy_monsoon,11,Low,27
evening_peak,saturday,harbour,heavy_monsoon,16,High,74
night,monday,harbour,heavy_monsoon,17,Moderate,42
early_morning,thursday,harbour,light_rain,10,Low,20
mid_morning,monday,central,light_rain,10,Moderate,52
evening_peak,saturday,western,heavy_monsoon,23,High,74
mid_morning,sunday,harbour,light_rain,7,Minimal,15
evening_peak,friday,western,light_rain,14,Extreme,100
mid_morning,tuesday,harbour,heavy_monsoon,14,Moderate,59
morning_peak,saturday,western,heavy_monsoon,20,Moderate,52
mid_morning,wednesday,central,light_rain,11,Moderate,54
night,tuesday,western,heavy_monsoon,15,Low,34
morning_peak,saturday,harbour,heavy_monsoon,13,High,61
mid_morning,friday,western,heavy_monsoon,15,Moderate,53
evening_peak,monday,central,heavy_monsoon,27,Extreme,100
evening_peak,sunday,central,light_rain,9,Moderate,49
evening_peak,sunday,western,clear,9,Moderate,49
afternoon,tuesday,harbour,light_rain,9,Low,32
early_morning,friday,central,clear,3,Minimal,13
evening_peak,sunday,central,clear,2,Moderate,53
morning_peak,sunday,western,clear,6,Moderate,46
evening_peak,thursday,central,light_rain,14,Extreme,100
afternoon,wednesday,central,light_rain,8,Low,34
night,tuesday,harbour,light_rain,6,Low,25
morning_peak,monday,harbour,light_rain,13,Extreme,100
afternoon,sunday,harbour,light_rain,4,Minimal,10
night,thursday,western,clear,1,Low,24
late_night,friday,central,light_rain,8,Minimal,7
late_night,sunday,western,clear,0,Minimal,4
morning_peak,wednesday,central,light_rain,13,Extreme,100
mid_morning,monday,central,light_rain,11,Moderate,51
early_morning,friday,central,heavy_monsoon,15,Low,30
early_morning,friday,harbour,clear,0,Minimal,8
afternoon,tuesday,western,light_rain,7,Moderate,43
night,sunday,western,light_rain,5,Low,22
early_morning,tuesday,central,light_rain,8,Low,27
night,monday,western,heavy_monsoon,16,Moderate,53
night,sunday,harbour,clear,0,Minimal,12
afternoon,saturday,western,light_rain,6,Low,24
afternoon,sunday,central,light_rain,7,Low,20
afternoon,saturday,harbour,light_rain,6,Low,23
early_morning,friday,harbour,heavy_monsoon,16,Moderate,47
late_night,tuesday,central,light_rain,6,Minimal,10
afternoon,wednesday,western,clear,5,Low,27
early_morning,sunday,central,clear,1,Minimal,7
afternoon,wednesday,western,clear,3,Minimal,13
evening_peak,sunday,western,clear,10,Moderate,47
night,friday,harbour,light_rain,2,Low,28
afternoon,tuesday,central,heavy_monsoon,19,Moderate,49
morning_peak,monday,harbour,heavy_monsoon,18,Extreme,100
night,monday,central,heavy_monsoon,21,Low,28
night,monday,central,light_rain,4,Low,26
afternoon,sunday,harbour,heavy_monsoon,16,Moderate,43
late_night,sunday,central,clear,1,Minimal,4
mid_morning,wednesday,central,light_rain,8,Moderate,55
late_night,tuesday,western,heavy_monsoon,14,Low,25
afternoon,sunday,central,clear,4,Minimal,13
night,tuesday,central,clear,4,Low,29
morning_peak,wednesday,harbour,light_rain,8,Extreme,100
night,sunday,harbour,light_rain,5,Minimal,12
late_night,monday,central,heavy_monsoon,16,Low,28
morning_peak,monday,western,heavy_monsoon,26,Extreme,100
early_morning,friday,western,heavy_monsoon,15,Low,34
evening_peak,saturday,harbour,light_rain,8,Moderate,47
night,thursday,central,heavy_monsoon,18,Low,26
afternoon,saturday,central,heavy_monsoon,16,Moderate,49
early_morning,sunday,western,clear,3,Minimal,5
evening_peak,tuesday,western,clear,12,Extreme,100
afternoon,sunday,western,clear,2,Minimal,15
mid_morning,tuesday,harbour,heavy_monsoon,19,High,65
afternoon,tuesday,central,light_rain,7,Low,34
morning_peak,saturday,harbour,clear,6,Moderate,55
morning_peak,thursday,central,light_rain,18,Extreme,100
mid_morning,friday,harbour,heavy_monsoon,17,High,68
early_morning,saturday,central,heavy_monsoon,14,Minimal,15
evening_peak,thursday,western,clear,12,Extreme,100
afternoon,monday,western,light_rain,9,Low,31
morning_peak,monday,western,clear,14,Extreme,100
early_morning,tuesday,harbour,heavy_monsoon,16,Moderate,42
mid_morning,wednesday,western,light_rain,10,Moderate,47
late_night,sunday,central,clear,0,Minimal,3
night,sunday,harbour,heavy_monsoon,15,Minimal,12
late_night,tuesday,central,clear,0,Minimal,11
late_night,wednesday,harbour,light_rain,6,Low,22
morning_peak,thursday,central,light_rain,15,Extreme,98
mid_morning,monday,central,light_rain,9,Moderate,46
afternoon,sunday,harbour,light_rain,4,Low,21
late_night,saturday,harbour,light_rain,7,Minimal,9
late_night,wednesday,western,clear,4,Minimal,13
evening_peak,thursday,western,clear,11,Extreme,100
morning_peak,monday,central,clear,15,Extreme,100
morning_peak,saturday,central,clear,8,Moderate,45
afternoon,wednesday,central,heavy_monsoon,16,High,64
night,tuesday,harbour,heavy_monsoon,17,Moderate,45
early_morning,tuesday,harbour,clear,2,Minimal,15
evening_peak,tuesday,western,heavy_monsoon,22,Extreme,100
morning_peak,sunday,central,heavy_monsoon,20,Moderate,59
evening_peak,thursday,western,light_rain,16,Extreme,100
morning_peak,tuesday,harbour,clear,8,High,81
evening_peak,sunday,harbour,heavy_monsoon,15,High,61
mid_morning,friday,harbour,heavy_monsoon,15,High,64
late_night,sunday,western,clear,0,Minimal,0
morning_peak,monday,harbour,light_rain,12,Extreme,100
evening_peak,sunday,central,clear,10,Moderate,51
early_morning,thursday,western,light_rain,4,Low,20
mid_morning,saturday,harbour,heavy_monsoon,16,Moderate,46
mid_morning,sunday,western,light_rain,4,Low,25
early_morning,tuesday,western,light_rain,5,Low,20
evening_peak,monday,harbour,clear,9,Extreme,100
afternoon,wednesday,harbour,heavy_monsoon,11,Moderate,51
early_morning,tuesday,western,clear,4,Low,23
evening_peak,monday,western,clear,11,Extreme,98
early_morning,friday,harbour,heavy_monsoon,13,Moderate,42
early_morning,wednesday,central,clear,4,Low,23
morning_peak,friday,western,clear,9,Extreme,100
evening_peak,saturday,western,light_rain,10,Moderate,54
afternoon,monday,central,clear,8,Low,30
late_night,friday,harbour,heavy_monsoon,12,Low,30
morning_peak,saturday,harbour,clear,4,Moderate,46
early_morning,monday,central,light_rain,5,Low,24
late_night,monday,harbour,clear,0,Minimal,9
night,friday,harbour,clear,3,Low,25
late_night,monday,western,clear,0,Minimal,14
early_morning,tuesday,western,light_rain,8,Low,23
early_morning,monday,western,heavy_monsoon,15,Low,33
evening_peak,thursday,central,heavy_monsoon,28,Extreme,100
evening_peak,saturday,harbour,light_rain,7,Moderate,51
morning_peak,monday,harbour,light_rain,12,High,82
afternoon,thursday,western,clear,6,Low,32
morning_peak,monday,western,heavy_monsoon,22,Extreme,100
mid_morning,monday,central,light_rain,9,Moderate,46
early_morning,friday,harbour,heavy_monsoon,13,Low,34
late_night,tuesday,central,clear,2,Minimal,4
night,saturday,harbour,light_rain,5,Minimal,12
early_morning,tuesday,central,heavy_monsoon,18,Low,33
early_morning,wednesday,western,heavy_monsoon,16,Moderate,44
morning_peak,friday,central,clear,15,Extreme,100
night,friday,central,light_rain,6,Moderate,43
night,tuesday,western,heavy_monsoon,16,Low,29
night,sunday,harbour,clear,2,Minimal,10
morning_peak,friday,harbour,heavy_monsoon,21,Extreme,100
early_morning,tuesday,western,clear,2,Minimal,10
morning_peak,friday,central,heavy_monsoon,24,Extreme,100
evening_peak,monday,central,heavy_monsoon,26,Extreme,100
evening_peak,tuesday,central,clear,14,Extreme,100
morning_peak,tuesday,harbour,light_rain,12,High,82
night,thursday,central,clear,6,Low,21
early_morning,friday,harbour,light_rain,8,Low,24
morning_peak,friday,central,heavy_monsoon,25,Extreme,100
morning_peak,tuesday,western,heavy_monsoon,23,Extreme,100
morning_peak,monday,western,clear,10,Extreme,100
mid_morning,monday,harbour,clear,5,Moderate,44
evening_peak,saturday,harbour,light_rain,8,Moderate,56
late_night,monday,western,light_rain,3,Minimal,15
night,friday,western,light_rain,10,Low,31
afternoon,sunday,central,clear,4,Minimal,6
late_night,thursday,western,heavy_monsoon,16,Low,29
night,tuesday,harbour,clear,5,Minimal,14
afternoon,wednesday,western,heavy_monsoon,16,Low,34
mid_morning,thursday,harbour,clear,1,Low,32
morning_peak,sunday,harbour,clear,6,Moderate,43
mid_morning,wednesday,central,light_rain,9,Moderate,50
mid_morning,thursday,central,heavy_monsoon,13,Moderate,54
late_night,monday,central,clear,3,Minimal,8
early_morning,friday,central,clear,6,Minimal,12
late_night,sunday,western,heavy_monsoon,12,Minimal,11
evening_peak,wednesday,central,clear,14,Extreme,100
afternoon,sunday,western,heavy_monsoon,16,Moderate,46
morning_peak,thursday,central,light_rain,18,Extreme,98
late_night,friday,central,light_rain,8,Low,20
afternoon,sunday,harbour,heavy_monsoon,14,Low,33
night,wednesday,western,light_rain,11,Low,26
afternoon,tuesday,harbour,heavy_monsoon,14,Moderate,58
night,thursday,central,clear,10,Low,23
late_night,tuesday,western,clear,2,Minimal,11
evening_peak,monday,central,heavy_monsoon,28,Extreme,100
late_night,tuesday,harbour,clear,2,Minimal,11
night,tuesday,western,light_rain,7,Low,28
afternoon,saturday,harbour,clear,2,Minimal,4
afternoon,thursday,central,clear,4,Low,33
night,monday,central,heavy_monsoon,19,Low,33
mid_morning,tuesday,central,light_rain,8,Moderate,53
evening_peak,friday,western,clear,13,Extreme,100
early_morning,wednesday,harbour,clear,4,Minimal,10
morning_peak,tuesday,harbour,heavy_monsoon,23,Extreme,100
afternoon,monday,central,heavy_monsoon,16,Moderate,43
morning_peak,tuesday,harbour,light_rain,10,Extreme,100
early_morning,wednesday,western,clear,4,Minimal,15
late_night,monday,central,heavy_monsoon,12,Minimal,12
morning_peak,thursday,central,heavy_monsoon,28,Extreme,100
early_morning,monday,central,heavy_monsoon,18,Low,31
night,thursday,western,light_rain,8,Low,24
mid_morning,monday,central,heavy_monsoon,20,Moderate,55
afternoon,sunday,central,light_rain,5,Low,21
early_morning,wednesday,central,light_rain,7,Low,29
morning_peak,wednesday,central,clear,12,Extreme,100
afternoon,monday,harbour,clear,4,Low,34
mid_morning,sunday,central,light_rain,9,Minimal,9
night,tuesday,western,clear,6,Low,28
late_night,wednesday,central,clear,0,Minimal,4
afternoon,thursday,central,heavy_monsoon,19,Moderate,50
late_night,thursday,harbour,clear,0,Low,20
early_morning,friday,central,light_rain,8,Minimal,11
mid_morning,saturday,harbour,clear,0,Low,24
morning_peak,sunday,western,heavy_monsoon,18,Moderate,56
mid_morning,saturday,harbour,light_rain,6,Low,21
mid_morning,saturday,central,clear,1,Low,24
evening_peak,thursday,western,light_rain,18,Extreme,100
mid_morning,friday,central,clear,4,Moderate,54
mid_morning,saturday,harbour,heavy_monsoon,18,Moderate,45
afternoon,saturday,western,clear,3,Minimal,12
morning_peak,monday,western,light_rain,15,Extreme,99
afternoon,monday,harbour,light_rain,5,Low,31
afternoon,monday,harbour,light_rain,8,Moderate,42
early_morning,tuesday,western,clear,1,Minimal,9
afternoon,saturday,western,clear,3,Minimal,8
evening_peak,tuesday,harbour,clear,7,Extreme,100
evening_peak,friday,central,heavy_monsoon,32,Extreme,100
late_night,sunday,western,heavy_monsoon,9,Low,25
early_morning,thursday,harbour,heavy_monsoon,15,Moderate,43
late_night,saturday,central,light_rain,3,Minimal,5
late_night,thursday,western,light_rain,5,Minimal,15
night,sunday,western,light_rain,3,Low,23
morning_peak,monday,harbour,light_rain,8,Extreme,100
morning_peak,saturday,central,light_rain,11,Moderate,59
afternoon,wednesday,western,clear,3,Low,32
afternoon,tuesday,central,light_rain,10,Moderate,42
night,tuesday,central,clear,3,Minimal,15
afternoon,saturday,western,heavy_monsoon,14,Low,25
morning_peak,sunday,central,heavy_monsoon,22,High,62
late_night,monday,western,heavy_monsoon,16,Minimal,14
mid_morning,tuesday,central,heavy_monsoon,15,Moderate,56
evening_peak,monday,western,heavy_monsoon,22,Extreme,100
mid_morning,friday,harbour,light_rain,6,Moderate,50
mid_morning,thursday,western,light_rain,7,Moderate,52
morning_peak,sunday,western,light_rain,7,Low,34
mid_morning,wednesday,western,heavy_monsoon,19,Moderate,53
night,thursday,central,heavy_monsoon,19,Low,32
early_morning,thursday,harbour,clear,1,Minimal,14
afternoon,friday,central,light_rain,8,Low,34
early_morning,tuesday,central,heavy_monsoon,17,Low,34
late_night,wednesday,western,heavy_monsoon,14,Minimal,14
evening_peak,tuesday,central,heavy_monsoon,31,Extreme,100
afternoon,saturday,western,clear,2,Minimal,12
mid_morning,thursday,harbour,heavy_monsoon,16,Moderate,47
evening_peak,saturday,central,clear,10,Moderate,45
afternoon,monday,central,clear,5,Moderate,45
night,thursday,central,light_rain,9,Moderate,42
night,tuesday,western,heavy_monsoon,14,Moderate,46
night,thursday,western,clear,4,Low,22
night,monday,central,heavy_monsoon,15,Moderate,48
mid_morning,friday,central,light_rain,9,Moderate,49
early_morning,saturday,harbour,light_rain,6,Minimal,8
afternoon,saturday,harbour,clear,0,Low,28
mid_morning,tuesday,harbour,light_rain,6,Moderate,58
night,thursday,harbour,light_rain,6,Low,25
late_night,tuesday,harbour,light_rain,4,Minimal,14
early_morning,friday,western,heavy_monsoon,18,Moderate,42
late_night,thursday,harbour,heavy_monsoon,13,Minimal,12
evening_peak,thursday,harbour,clear,9,Extreme,100
late_night,tuesday,central,clear,5,Minimal,4
evening_peak,tuesday,western,light_rain,14,Extreme,100
evening_peak,monday,harbour,light_rain,12,Extreme,100
night,sunday,harbour,clear,2,Minimal,2
evening_peak,sunday,harbour,light_rain,8,Moderate,57
morning_peak,friday,central,clear,14,Extreme,98
afternoon,sunday,central,heavy_monsoon,8,Low,31
afternoon,monday,central,light_rain,7,Moderate,44
night,saturday,harbour,light_rain,7,Minimal,7
morning_peak,thursday,central,light_rain,18,Extreme,98
late_night,tuesday,harbour,heavy_monsoon,13,Low,24
mid_morning,thursday,western,heavy_monsoon,19,High,61
late_night,thursday,harbour,light_rain,5,Minimal,7
mid_morning,wednesday,central,clear,2,Moderate,48
evening_peak,saturday,western,heavy_monsoon,20,Moderate,59
early_morning,wednesday,harbour,light_rain,6,Low,23
mid_morning,sunday,western,light_rain,8,Low,24
early_morning,thursday,western,heavy_monsoon,17,Low,28
afternoon,tuesday,western,clear,5,Low,27
early_morning,thursday,harbour,light_rain,4,Minimal,10
afternoon,saturday,central,clear,5,Low,24
morning_peak,wednesday,harbour,clear,6,Extreme,100
morning_peak,tuesday,central,heavy_monsoon,28,Extreme,100
night,thursday,harbour,light_rain,4,Low,33
night,friday,harbour,light_rain,8,Low,30
evening_peak,saturday,harbour,clear,4,Moderate,56
mid_morning,saturday,central,heavy_monsoon,14,Moderate,46
evening_peak,friday,harbour,heavy_monsoon,25,Extreme,100
afternoon,thursday,western,heavy_monsoon,17,Low,29
evening_peak,saturday,harbour,clear,5,High,61
early_morning,tuesday,western,clear,5,Low,21
afternoon,thursday,central,light_rain,7,Moderate,47
night,thursday,central,heavy_monsoon,13,Low,34
morning_peak,wednesday,harbour,clear,12,High,80
night,saturday,harbour,heavy_monsoon,15,Minimal,12
mid_morning,saturday,harbour,clear,1,Low,20
afternoon,friday,western,light_rain,8,Moderate,53
afternoon,wednesday,central,heavy_monsoon,17,Moderate,53
early_morning,sunday,western,clear,3,Minimal,6
mid_morning,wednesday,western,heavy_monsoon,20,High,61
morning_peak,saturday,harbour,clear,4,Moderate,47
late_night,thursday,harbour,clear,0,Minimal,6
afternoon,wednesday,western,clear,5,Low,32
afternoon,friday,western,heavy_monsoon,16,Moderate,46
early_morning,wednesday,harbour,clear,2,Low,23
evening_peak,friday,harbour,light_rain,10,Extreme,100
morning_peak,sunday,western,heavy_monsoon,19,Moderate,53
night,wednesday,harbour,light_rain,5,Low,30
mid_morning,friday,harbour,light_rain,3,Moderate,42
afternoon,wednesday,western,heavy_monsoon,14,Moderate,46
afternoon,sunday,western,clear,5,Minimal,15
night,wednesday,central,light_rain,7,Low,32
morning_peak,tuesday,western,heavy_monsoon,25,Extreme,100
evening_peak,friday,harbour,clear,9,Extreme,100
afternoon,sunday,western,heavy_monsoon,21,Low,26
morning_peak,friday,western,heavy_monsoon,23,Extreme,100
night,friday,western,heavy_monsoon,15,Moderate,45
early_morning,monday,central,clear,4,Minimal,10
evening_peak,sunday,central,light_rain,11,Moderate,53
mid_morning,wednesday,harbour,light_rain,4,Moderate,55
afternoon,friday,central,heavy_monsoon,17,Moderate,52
morning_peak,saturday,western,heavy_monsoon,12,High,64
early_morning,monday,central,clear,3,Minimal,9
mid_morning,tuesday,western,heavy_monsoon,17,Moderate,53
late_night,friday,central,heavy_monsoon,16,Low,25
morning_peak,friday,central,heavy_monsoon,23,Extreme,100
morning_peak,monday,central,light_rain,13,Extreme,99
mid_morning,wednesday,western,heavy_monsoon,18,Moderate,54
early_morning,saturday,central,light_rain,7,Minimal,13
late_night,tuesday,western,clear,3,Minimal,13
night,friday,western,clear,3,Minimal,13
early_morning,wednesday,harbour,light_rain,5,Low,28
evening_peak,sunday,central,light_rain,11,Moderate,59
afternoon,saturday,harbour,light_rain,5,Minimal,10
mid_morning,sunday,harbour,light_rain,2,Low,32
night,saturday,western,heavy_monsoon,12,Low,21
late_night,tuesday,central,light_rain,7,Minimal,9
mid_morning,thursday,western,light_rain,7,Moderate,47
mid_morning,saturday,western,light_rain,5,Minimal,15
early_morning,thursday,central,heavy_monsoon,16,Moderate,42
afternoon,sunday,western,heavy_monsoon,14,Low,24
evening_peak,saturday,central,heavy_monsoon,22,High,75
morning_peak,tuesday,central,clear,16,High,79
morning_peak,monday,western,heavy_monsoon,21,Extreme,100
mid_morning,tuesday,western,light_rain,9,Low,34
afternoon,tuesday,harbour,heavy_monsoon,16,Moderate,50
late_night,monday,western,heavy_monsoon,17,Low,23
late_night,monday,central,light_rain,8,Low,25
night,wednesday,harbour,heavy_monsoon,13,Moderate,44
early_morning,saturday,central,clear,2,Minimal,7
afternoon,sunday,harbour,heavy_monsoon,14,Low,24
afternoon,wednesday,western,clear,1,Low,26
early_morning,monday,western,clear,5,Minimal,14
late_night,thursday,western,clear,2,Minimal,13
late_night,sunday,central,light_rain,1,Minimal,11
late_night,thursday,harbour,heavy_monsoon,17,Low,25
mid_morning,tuesday,central,clear,3,Moderate,42
afternoon,friday,harbour,clear,5,Low,29
morning_peak,tuesday,western,heavy_monsoon,24,Extreme,100
early_morning,tuesday,central,light_rain,5,Low,20
late_night,friday,western,light_rain,4,Minimal,15
night,saturday,central,clear,0,Low,22
late_night,monday,western,light_rain,0,Minimal,7
late_night,thursday,central,heavy_monsoon,16,Low,27
evening_peak,tuesday,central,light_rain,18,Extreme,100
mid_morning,friday,harbour,heavy_monsoon,17,Moderate,57
early_morning,wednesday,western,clear,4,Minimal,3
evening_peak,tuesday,harbour,heavy_monsoon,21,Extreme,100
evening_peak,thursday,harbour,clear,13,Extreme,100
night,monday,western,heavy_monsoon,16,Moderate,50
afternoon,tuesday,central,heavy_monsoon,19,Moderate,50
night,tuesday,harbour,light_rain,8,Low,23
afternoon,saturday,western,heavy_monsoon,18,Low,31
afternoon,friday,central,clear,3,Low,26
early_morning,wednesday,harbour,heavy_monsoon,10,Moderate,43
late_night,wednesday,harbour,clear,3,Minimal,8
early_morning,sunday,harbour,clear,4,Minimal,8
mid_morning,monday,central,heavy_monsoon,24,Moderate,50
afternoon,sunday,harbour,light_rain,6,Minimal,15
evening_peak,thursday,central,heavy_monsoon,26,Extreme,100
late_night,monday,harbour,heavy_monsoon,14,Low,25
morning_peak,tuesday,western,light_rain,16,Extreme,100
mid_morning,tuesday,harbour,clear,7,Low,29
early_morning,wednesday,western,heavy_monsoon,12,Low,31
night,thursday,western,light_rain,5,Low,32
mid_morning,friday,western,light_rain,7,Moderate,45
mid_morning,thursday,central,clear,6,Moderate,53
late_night,tuesday,western,light_rain,9,Minimal,9
mid_morning,friday,harbour,clear,0,Low,32
mid_morning,thursday,central,heavy_monsoon,19,Moderate,57
morning_peak,thursday,western,light_rain,14,Extreme,100
night,friday,central,heavy_monsoon,16,Moderate,43
night,tuesday,central,light_rain,9,Low,28
night,thursday,central,light_rain,9,Minimal,15
afternoon,friday,harbour,heavy_monsoon,16,Moderate,51
evening_peak,saturday,western,light_rain,9,Moderate,52
night,saturday,central,heavy_monsoon,15,Low,25
mid_morning,tuesday,central,heavy_monsoon,19,Moderate,55
mid_morning,friday,central,clear,7,Low,31
night,saturday,western,heavy_monsoon,13,Low,20
late_night,friday,central,clear,2,Minimal,11
night,thursday,central,heavy_monsoon,18,Low,34
mid_morning,tuesday,harbour,light_rain,7,Moderate,49
afternoon,saturday,western,heavy_monsoon,16,Low,27
early_morning,sunday,harbour,light_rain,5,Minimal,13
early_morning,thursday,western,clear,2,Low,23
night,sunday,western,light_rain,1,Low,22
morning_peak,sunday,western,heavy_monsoon,16,High,61
night,monday,harbour,light_rain,7,Low,25
late_night,monday,harbour,clear,2,Minimal,13
night,tuesday,harbour,light_rain,9,Low,27
early_morning,saturday,harbour,light_rain,5,Minimal,12
mid_morning,saturday,central,heavy_monsoon,15,Low,25
night,saturday,central,heavy_monsoon,12,Low,24
mid_morning,friday,central,light_rain,11,Moderate,56
mid_morning,thursday,western,clear,5,Moderate,52
morning_peak,saturday,central,light_rain,8,Moderate,53
mid_morning,thursday,western,clear,5,Low,29
early_morning,tuesday,harbour,clear,0,Minimal,13
afternoon,sunday,western,clear,2,Minimal,9
afternoon,saturday,western,light_rain,7,Minimal,14
evening_peak,tuesday,central,clear,14,Extreme,100
late_night,saturday,harbour,light_rain,3,Low,20
night,monday,harbour,clear,2,Minimal,14
late_night,wednesday,central,clear,6,Minimal,13
early_morning,tuesday,harbour,light_rain,6,Low,20
mid_morning,saturday,harbour,heavy_monsoon,16,Low,24
afternoon,wednesday,harbour,heavy_monsoon,17,Moderate,51
late_night,tuesday,central,light_rain,8,Minimal,4
early_morning,friday,harbour,light_rain,3,Minimal,15
afternoon,saturday,western,heavy_monsoon,12,Low,30
mid_morning,friday,western,heavy_monsoon,17,Moderate,52
late_night,monday,harbour,heavy_monsoon,11,Low,20
afternoon,saturday,central,light_rain,8,Low,20
night,sunday,central,clear,4,Low,25
night,monday,central,light_rain,8,Low,20
evening_peak,wednesday,harbour,heavy_monsoon,21,Extreme,100
evening_peak,tuesday,harbour,clear,12,Extreme,100
afternoon,thursday,western,light_rain,7,Moderate,45
early_morning,monday,central,heavy_monsoon,17,Moderate,43
night,thursday,western,light_rain,6,Low,29
early_morning,thursday,western,clear,3,Low,26
early_morning,tuesday,central,heavy_monsoon,13,Low,24
afternoon,wednesday,harbour,light_rain,5,Low,30
early_morning,tuesday,harbour,clear,0,Minimal,8
night,saturday,western,clear,4,Minimal,9
mid_morning,monday,western,light_rain,8,Moderate,49
evening_peak,thursday,western,clear,16,Extreme,100
mid_morning,tuesday,western,heavy_monsoon,17,Moderate,54
early_morning,tuesday,central,clear,5,Minimal,15
mid_morning,tuesday,western,light_rain,12,Moderate,47
night,monday,western,heavy_monsoon,18,Low,31
night,wednesday,harbour,clear,1,Minimal,10
early_morning,sunday,harbour,clear,3,Minimal,8
afternoon,tuesday,harbour,heavy_monsoon,17,High,61
mid_morning,monday,central,heavy_monsoon,17,Moderate,51
afternoon,thursday,central,clear,4,Minimal,14
afternoon,saturday,harbour,heavy_monsoon,14,Low,32
morning_peak,sunday,harbour,light_rain,8,Moderate,42
early_morning,friday,western,clear,2,Low,20
evening_peak,sunday,western,light_rain,12,High,61
night,sunday,central,clear,2,Minimal,8
night,monday,central,light_rain,9,Low,24
early_morning,friday,western,light_rain,8,Low,21
late_night,tuesday,harbour,heavy_monsoon,17,Low,26
late_night,tuesday,western,clear,0,Minimal,12
late_night,sunday,central,heavy_monsoon,14,Low,21
evening_peak,monday,central,heavy_monsoon,32,Extreme,100
night,friday,western,clear,1,Low,29
early_morning,tuesday,western,light_rain,3,Low,20
night,thursday,western,clear,4,Minimal,14
afternoon,wednesday,central,clear,6,Low,28
mid_morning,wednesday,harbour,clear,7,Low,23
mid_morning,tuesday,western,heavy_monsoon,18,Moderate,52
night,friday,central,clear,3,Low,26
morning_peak,saturday,central,clear,9,Moderate,48
evening_peak,tuesday,central,clear,13,Extreme,100
late_night,saturday,western,light_rain,2,Minimal,15
evening_peak,saturday,western,light_rain,8,High,62
evening_peak,friday,harbour,light_rain,13,Extreme,100
afternoon,saturday,central,light_rain,5,Low,29
evening_peak,thursday,western,heavy_monsoon,26,Extreme,100
mid_morning,friday,central,heavy_monsoon,22,Moderate,59
afternoon,tuesday,central,clear,9,Low,28
early_morning,sunday,harbour,heavy_monsoon,13,Low,27
evening_peak,thursday,western,light_rain,16,Extreme,100
evening_peak,monday,western,clear,11,Extreme,100
early_morning,wednesday,central,clear,6,Low,26
evening_peak,tuesday,central,light_rain,16,Extreme,100
early_morning,tuesday,harbour,light_rain,4,Low,23
afternoon,tuesday,harbour,light_rain,4,Moderate,44
mid_morning,thursday,harbour,heavy_monsoon,15,High,65
early_morning,monday,harbour,clear,7,Minimal,13
morning_peak,sunday,harbour,light_rain,6,Moderate,56
early_morning,friday,harbour,clear,3,Low,21
evening_peak,monday,central,clear,18,Extreme,100
late_night,thursday,harbour,heavy_monsoon,11,Minimal,15
late_night,tuesday,central,clear,2,Minimal,8
afternoon,wednesday,central,light_rain,11,Moderate,49
night,tuesday,western,light_rain,9,Low,24
afternoon,friday,central,clear,4,Low,20
night,saturday,central,clear,2,Minimal,13
late_night,wednesday,harbour,heavy_monsoon,12,Minimal,14
late_night,tuesday,central,light_rain,9,Minimal,11
early_morning,sunday,harbour,light_rain,4,Minimal,10
mid_morning,wednesday,harbour,clear,2,Moderate,48
morning_peak,saturday,harbour,clear,1,Moderate,52
afternoon,monday,western,clear,5,Low,27
evening_peak,thursday,harbour,light_rain,12,Extreme,100
night,tuesday,central,clear,3,Low,23
evening_peak,friday,harbour,heavy_monsoon,20,Extreme,100
mid_morning,monday,harbour,heavy_monsoon,18,High,72
night,tuesday,harbour,clear,4,Low,22
afternoon,monday,western,heavy_monsoon,16,Moderate,47
early_morning,friday,central,heavy_monsoon,15,Low,32
evening_peak,tuesday,western,heavy_monsoon,20,Extreme,100
mid_morning,saturday,central,heavy_monsoon,17,Low,30
afternoon,saturday,western,heavy_monsoon,13,Low,23
late_night,friday,central,light_rain,4,Minimal,12
late_night,wednesday,western,clear,5,Minimal,6
afternoon,friday,harbour,heavy_monsoon,17,Moderate,53
afternoon,wednesday,western,clear,4,Low,33
afternoon,tuesday,western,heavy_monsoon,18,Moderate,42
night,wednesday,harbour,light_rain,5,Low,29
afternoon,tuesday,harbour,light_rain,5,Moderate,44
evening_peak,tuesday,central,heavy_monsoon,30,Extreme,100
mid_morning,sunday,central,heavy_monsoon,15,Low,28
night,thursday,central,heavy_monsoon,16,Low,33
afternoon,tuesday,western,light_rain,9,Low,31
morning_peak,wednesday,central,light_rain,17,Extreme,100
morning_peak,thursday,western,clear,11,High,83
mid_morning,thursday,western,light_rain,10,Moderate,55
late_night,tuesday,central,heavy_monsoon,15,Low,33
early_morning,friday,central,clear,4,Low,23
early_morning,friday,western,light_rain,10,Low,21
late_night,saturday,harbour,light_rain,3,Minimal,12
night,thursday,harbour,heavy_monsoon,14,Low,30
night,tuesday,western,clear,3,Minimal,12
night,sunday,central,light_rain,5,Minimal,14
early_morning,friday,western,light_rain,8,Low,30
morning_peak,sunday,western,heavy_monsoon,18,High,73
early_morning,tuesday,central,clear,2,Minimal,9
evening_peak,tuesday,harbour,clear,7,Extreme,100
afternoon,thursday,western,clear,6,Moderate,45
night,sunday,harbour,clear,5,Minimal,2
morning_peak,saturday,harbour,heavy_monsoon,18,High,70
mid_morning,thursday,central,light_rain,12,Moderate,45
mid_morning,monday,western,light_rain,9,Moderate,43
afternoon,sunday,western,clear,4,Minimal,6
morning_peak,friday,harbour,clear,10,High,81
early_morning,friday,harbour,clear,3,Minimal,14
early_morning,friday,central,light_rain,6,Low,29
evening_peak,wednesday,harbour,light_rain,15,Extreme,100
evening_peak,tuesday,central,clear,16,Extreme,100
early_morning,thursday,western,heavy_monsoon,14,Low,28
mid_morning,friday,central,light_rain,8,Moderate,55
night,monday,harbour,light_rain,6,Low,25
mid_morning,friday,western,clear,6,Moderate,50
evening_peak,saturday,central,heavy_monsoon,22,High,68
afternoon,tuesday,western,clear,3,Low,29
early_morning,sunday,central,clear,0,Minimal,8
evening_peak,tuesday,harbour,heavy_monsoon,23,Extreme,100
evening_peak,sunday,harbour,heavy_monsoon,16,High,70
night,sunday,western,heavy_monsoon,15,Low,23
early_morning,thursday,western,light_rain,8,Low,30
night,wednesday,western,clear,5,Minimal,13
early_morning,sunday,central,light_rain,5,Minimal,13
night,sunday,harbour,heavy_monsoon,12,Low,32
mid_morning,thursday,western,light_rain,9,Moderate,46
afternoon,friday,western,heavy_monsoon,16,Moderate,45
afternoon,saturday,western,heavy_monsoon,16,Low,32
early_morning,monday,central,clear,3,Low,26
morning_peak,thursday,western,clear,11,High,81
late_night,wednesday,western,clear,3,Minimal,5
evening_peak,thursday,central,light_rain,16,Extreme,100
evening_peak,tuesday,central,clear,14,Extreme,100
early_morning,friday,western,heavy_monsoon,13,Low,33
night,friday,western,clear,5,Low,29
morning_peak,sunday,central,light_rain,10,Moderate,49
mid_morning,friday,harbour,clear,8,Moderate,51
night,friday,central,clear,4,Low,28
night,friday,harbour,clear,3,Low,22
early_morning,friday,western,light_rain,11,Low,29
early_morning,monday,western,heavy_monsoon,19,Low,26
evening_peak,wednesday,harbour,heavy_monsoon,25,Extreme,100
early_morning,sunday,central,heavy_monsoon,14,Low,24
early_morning,friday,western,clear,4,Low,24
early_morning,sunday,harbour,clear,3,Minimal,5
evening_peak,wednesday,central,light_rain,17,Extreme,100
mid_morning,saturday,harbour,heavy_monsoon,14,Low,32
mid_morning,friday,central,clear,10,Moderate,44
late_night,sunday,central,clear,7,Minimal,11
late_night,thursday,central,clear,2,Minimal,3
early_morning,sunday,central,light_rain,10,Minimal,11
late_night,friday,harbour,heavy_monsoon,15,Low,22
evening_peak,tuesday,harbour,light_rain,16,Extreme,100
mid_morning,monday,harbour,heavy_monsoon,14,Moderate,46
night,thursday,harbour,heavy_monsoon,15,Moderate,45
mid_morning,thursday,harbour,clear,6,Low,31
mid_morning,tuesday,central,clear,6,Low,26
evening_peak,friday,western,clear,11,High,83
late_night,monday,western,clear,1,Minimal,11
night,thursday,harbour,clear,3,Minimal,15
evening_peak,monday,harbour,heavy_monsoon,22,Extreme,100
early_morning,thursday,western,clear,3,Minimal,10
afternoon,friday,central,clear,7,Low,34
mid_morning,saturday,harbour,light_rain,4,Low,20
afternoon,thursday,central,light_rain,5,Low,31
evening_peak,saturday,western,heavy_monsoon,17,Moderate,56
evening_peak,thursday,western,heavy_monsoon,24,Extreme,100
evening_peak,wednesday,harbour,light_rain,12,Extreme,100
afternoon,friday,central,light_rain,12,Moderate,42
evening_peak,tuesday,harbour,clear,11,Extreme,100
early_morning,saturday,western,clear,4,Minimal,7
evening_peak,tuesday,central,heavy_monsoon,24,Extreme,100
morning_peak,friday,harbour,light_rain,14,Extreme,100
late_night,sunday,harbour,heavy_monsoon,12,Minimal,15
afternoon,tuesday,harbour,clear,4,Low,26
morning_peak,friday,western,heavy_monsoon,22,Extreme,100
evening_peak,tuesday,harbour,heavy_monsoon,22,Extreme,100
early_morning,saturday,central,heavy_monsoon,17,Low,22
mid_morning,wednesday,harbour,clear,2,Moderate,49
night,tuesday,western,heavy_monsoon,19,High,61
late_night,saturday,harbour,clear,4,Minimal,2
night,thursday,western,light_rain,7,Moderate,48
evening_peak,friday,western,heavy_monsoon,23,Extreme,100
late_night,monday,central,heavy_monsoon,14,Low,20
late_night,sunday,central,clear,0,Minimal,2
early_morning,monday,harbour,heavy_monsoon,16,Low,25
late_night,friday,western,clear,2,Minimal,7
afternoon,wednesday,western,heavy_monsoon,18,Moderate,54
morning_peak,tuesday,central,light_rain,19,Extreme,100
morning_peak,wednesday,central,light_rain,16,Extreme,100
morning_peak,monday,harbour,light_rain,15,Extreme,100
afternoon,sunday,western,heavy_monsoon,16,Low,22
night,saturday,central,heavy_monsoon,16,Minimal,12
early_morning,sunday,harbour,light_rain,1,Minimal,8
late_night,friday,western,light_rain,6,Low,20
afternoon,friday,western,clear,3,Minimal,15
morning_peak,wednesday,central,clear,16,Extreme,100
evening_peak,saturday,harbour,light_rain,9,High,67
mid_morning,wednesday,central,light_rain,10,Moderate,42
late_night,tuesday,harbour,heavy_monsoon,16,Low,23
afternoon,thursday,western,light_rain,7,Low,31
afternoon,saturday,harbour,clear,0,Minimal,10
early_morning,thursday,harbour,clear,5,Minimal,11
early_morning,sunday,harbour,clear,3,Minimal,1
afternoon,tuesday,harbour,clear,7,Moderate,45
morning_peak,thursday,harbour,clear,7,Extreme,100
mid_morning,monday,central,clear,8,Low,32
late_night,sunday,harbour,light_rain,8,Minimal,9
early_morning,thursday,harbour,clear,1,Minimal,15
late_night,tuesday,western,clear,1,Minimal,10
morning_peak,thursday,harbour,clear,8,High,81
late_night,friday,western,clear,4,Minimal,3
evening_peak,wednesday,central,light_rain,22,Extreme,100
early_morning,monday,central,heavy_monsoon,20,Moderate,44
morning_peak,friday,harbour,heavy_monsoon,18,Extreme,100
morning_peak,friday,central,heavy_monsoon,23,Extreme,100
mid_morning,tuesday,harbour,heavy_monsoon,16,Moderate,53
mid_morning,wednesday,central,clear,6,Low,32
evening_peak,wednesday,harbour,heavy_monsoon,26,Extreme,100
morning_peak,saturday,harbour,heavy_monsoon,18,High,61
night,sunday,western,light_rain,6,Minimal,5
morning_peak,monday,western,light_rain,18,Extreme,100
mid_morning,sunday,western,light_rain,8,Low,30
night,tuesday,western,clear,0,Low,23
early_morning,monday,harbour,clear,3,Low,20
early_morning,saturday,central,clear,2,Minimal,6
late_night,thursday,harbour,light_rain,3,Low,23
afternoon,friday,western,heavy_monsoon,17,Moderate,51
mid_morning,monday,western,light_rain,6,Moderate,47
afternoon,sunday,central,clear,3,Minimal,15
night,friday,western,light_rain,3,Low,22
mid_morning,tuesday,harbour,heavy_monsoon,20,Moderate,53
evening_peak,sunday,harbour,clear,1,Moderate,46
morning_peak,thursday,harbour,heavy_monsoon,19,Extreme,100
evening_peak,tuesday,harbour,heavy_monsoon,23,Extreme,100
night,thursday,harbour,clear,2,Low,25
mid_morning,thursday,central,heavy_monsoon,20,Moderate,51
night,friday,harbour,light_rain,4,Moderate,45
morning_peak,tuesday,western,heavy_monsoon,23,Extreme,100
early_morning,tuesday,western,heavy_monsoon,16,Moderate,44
early_morning,monday,western,heavy_monsoon,16,Low,32
night,sunday,western,light_rain,5,Minimal,8
afternoon,tuesday,central,heavy_monsoon,18,Moderate,46
mid_morning,monday,western,heavy_monsoon,17,Moderate,55
mid_morning,wednesday,central,light_rain,10,Moderate,52
early_morning,wednesday,western,clear,3,Low,24
late_night,wednesday,central,clear,2,Minimal,10
evening_peak,saturday,central,clear,13,Moderate,43
late_night,tuesday,central,heavy_monsoon,14,Minimal,13
morning_peak,saturday,western,clear,7,Moderate,46
evening_peak,sunday,central,light_rain,12,Moderate,50
evening_peak,tuesday,harbour,heavy_monsoon,20,Extreme,100
night,monday,harbour,heavy_monsoon,12,Moderate,47
early_morning,saturday,western,heavy_monsoon,11,Low,22
late_night,saturday,harbour,clear,0,Minimal,3
late_night,sunday,harbour,clear,0,Minimal,5
early_morning,saturday,harbour,clear,0,Minimal,8
late_night,thursday,western,heavy_monsoon,13,Low,25
early_morning,monday,western,light_rain,2,Low,29
night,wednesday,harbour,heavy_monsoon,17,Low,32
afternoon,monday,western,light_rain,13,Moderate,45
evening_peak,thursday,central,heavy_monsoon,27,Extreme,100
night,sunday,harbour,light_rain,3,Minimal,11
mid_morning,sunday,western,heavy_monsoon,15,Low,31
morning_peak,tuesday,western,heavy_monsoon,21,Extreme,100
afternoon,monday,harbour,light_rain,8,Moderate,52
mid_morning,sunday,western,light_rain,7,Low,29
evening_peak,saturday,harbour,light_rain,6,High,61
late_night,sunday,western,light_rain,1,Minimal,5
early_morning,sunday,central,light_rain,10,Minimal,11
evening_peak,sunday,harbour,light_rain,8,High,61
night,sunday,central,light_rain,5,Minimal,9
morning_peak,wednesday,harbour,light_rain,10,Extreme,100
night,wednesday,western,heavy_monsoon,16,Moderate,47
afternoon,tuesday,central,light_rain,10,Low,34
afternoon,sunday,western,light_rain,6,Low,21
morning_peak,monday,harbour,heavy_monsoon,20,Extreme,100
mid_morning,thursday,harbour,heavy_monsoon,17,High,66
mid_morning,tuesday,harbour,clear,1,Moderate,57
afternoon,monday,harbour,clear,5,Low,31
afternoon,sunday,harbour,light_rain,3,Minimal,13
late_night,friday,central,light_rain,7,Minimal,15
early_morning,sunday,harbour,clear,0,Minimal,4
late_night,wednesday,western,clear,1,Minimal,7
late_night,thursday,central,light_rain,6,Minimal,10
mid_morning,saturday,western,clear,5,Minimal,9
morning_peak,thursday,harbour,light_rain,14,Extreme,100
mid_morning,saturday,western,heavy_monsoon,17,Low,29
early_morning,thursday,central,heavy_monsoon,15,Low,26
night,wednesday,central,clear,7,Low,23
afternoon,saturday,central,heavy_monsoon,12,Low,20
afternoon,monday,western,heavy_monsoon,13,Moderate,54
early_morning,saturday,central,heavy_monsoon,12,Low,27
late_night,tuesday,western,heavy_monsoon,13,Low,29
morning_peak,monday,harbour,light_rain,11,Extreme,100
afternoon,tuesday,harbour,light_rain,5,Low,30
evening_peak,sunday,western,clear,6,Moderate,55
late_night,thursday,central,heavy_monsoon,12,Low,22
afternoon,monday,western,heavy_monsoon,16,Moderate,52
evening_peak,thursday,western,heavy_monsoon,24,Extreme,100
early_morning,sunday,western,clear,0,Minimal,12
early_morning,friday,harbour,light_rain,7,Low,21
late_night,thursday,western,heavy_monsoon,16,Low,20
afternoon,sunday,harbour,light_rain,5,Minimal,13
mid_morning,thursday,western,clear,6,Low,34
evening_peak,sunday,harbour,light_rain,7,Moderate,46
morning_peak,tuesday,western,heavy_monsoon,23,Extreme,100
afternoon,sunday,western,light_rain,6,Minimal,10
morning_peak,saturday,central,light_rain,10,Moderate,59
afternoon,friday,central,clear,5,Low,24
mid_morning,thursday,western,clear,9,Low,30
mid_morning,sunday,western,clear,3,Minimal,12
late_night,sunday,western,clear,2,Minimal,7
late_night,thursday,western,light_rain,3,Minimal,11
mid_morning,friday,central,light_rain,10,Moderate,50
night,friday,harbour,clear,2,Low,21
mid_morning,sunday,western,clear,1,Low,28
early_morning,monday,central,heavy_monsoon,17,Low,32
early_morning,tuesday,western,heavy_monsoon,17,Low,30
night,friday,western,clear,2,Low,24
evening_peak,friday,harbour,light_rain,13,Extreme,100
morning_peak,wednesday,western,clear,10,High,80
afternoon,saturday,western,light_rain,10,Low,26
afternoon,friday,harbour,light_rain,8,Low,30
night,tuesday,harbour,heavy_monsoon,16,Low,28
early_morning,saturday,harbour,clear,0,Minimal,3
late_night,saturday,harbour,clear,0,Minimal,0
afternoon,thursday,central,light_rain,10,Moderate,51
early_morning,thursday,central,clear,6,Low,23
evening_peak,thursday,central,heavy_monsoon,27,Extreme,100
morning_peak,thursday,western,heavy_monsoon,21,Extreme,100
evening_peak,wednesday,harbour,clear,6,Extreme,100
night,friday,harbour,clear,4,Low,26
mid_morning,thursday,central,heavy_monsoon,17,Moderate,59
mid_morning,sunday,western,clear,5,Minimal,14
mid_morning,monday,western,light_rain,7,Moderate,46
evening_peak,thursday,western,clear,15,Extreme,100
afternoon,friday,central,light_rain,13,Low,30
morning_peak,thursday,western,clear,10,High,77
mid_morning,wednesday,western,clear,8,Moderate,43
night,tuesday,western,heavy_monsoon,14,Low,33
night,tuesday,harbour,light_rain,7,Low,23
mid_morning,friday,central,heavy_monsoon,20,High,63
mid_morning,sunday,harbour,clear,1,Minimal,7
morning_peak,tuesday,harbour,heavy_monsoon,20,Extreme,100
mid_morning,tuesday,central,clear,5,Moderate,46
morning_peak,monday,harbour,clear,10,Extreme,100
night,friday,western,clear,3,Low,23
mid_morning,sunday,western,light_rain,5,Low,27
evening_peak,friday,western,light_rain,15,Extreme,100
late_night,tuesday,western,light_rain,5,Low,34
evening_peak,tuesday,central,heavy_monsoon,26,Extreme,100
night,tuesday,harbour,clear,0,Low,24
morning_peak,saturday,harbour,heavy_monsoon,20,Moderate,59
evening_peak,wednesday,western,heavy_monsoon,23,Extreme,100
morning_peak,thursday,western,clear,14,Extreme,100
evening_peak,wednesday,harbour,heavy_monsoon,19,Extreme,100
evening_peak,friday,central,clear,15,Extreme,100
morning_peak,monday,harbour,clear,13,Extreme,100
afternoon,thursday,western,clear,3,Low,25
evening_peak,monday,western,clear,16,Extreme,100
mid_morning,sunday,central,heavy_monsoon,14,Low,24
late_night,saturday,harbour,heavy_monsoon,13,Minimal,13
night,friday,central,heavy_monsoon,17,Moderate,43
afternoon,saturday,central,light_rain,4,Minimal,13
morning_peak,friday,western,heavy_monsoon,25,Extreme,100
afternoon,monday,harbour,heavy_monsoon,15,Moderate,51
early_morning,monday,western,light_rain,4,Low,24
early_morning,monday,harbour,clear,5,Low,27
evening_peak,friday,western,clear,12,Extreme,100
evening_peak,tuesday,western,clear,10,Extreme,100
mid_morning,monday,harbour,light_rain,7,Moderate,47
late_night,saturday,harbour,heavy_monsoon,12,Low,25
night,sunday,western,heavy_monsoon,15,Low,23
afternoon,thursday,harbour,heavy_monsoon,17,Moderate,49
early_morning,friday,western,heavy_monsoon,18,Low,28
evening_peak,saturday,harbour,light_rain,9,Moderate,43
night,wednesday,western,heavy_monsoon,15,Moderate,43
afternoon,sunday,western,clear,2,Minimal,8
evening_peak,wednesday,western,light_rain,14,Extreme,100
evening_peak,thursday,central,light_rain,18,Extreme,100
early_morning,tuesday,harbour,clear,2,Low,28
early_morning,monday,western,clear,4,Minimal,7
evening_peak,friday,central,heavy_monsoon,28,Extreme,100
morning_peak,saturday,western,clear,9,Moderate,46
evening_peak,monday,central,light_rain,18,Extreme,100
night,saturday,western,light_rain,1,Minimal,12
evening_peak,friday,western,light_rain,16,Extreme,100
mid_morning,wednesday,central,heavy_monsoon,15,High,61
late_night,monday,central,heavy_monsoon,14,Low,24
mid_morning,thursday,harbour,clear,7,Moderate,44
mid_morning,tuesday,harbour,heavy_monsoon,15,High,61
morning_peak,thursday,central,heavy_monsoon,25,Extreme,100
morning_peak,tuesday,harbour,light_rain,13,Extreme,100
evening_peak,sunday,central,light_rain,13,Moderate,55
mid_morning,saturday,harbour,clear,1,Minimal,13
morning_peak,monday,western,light_rain,13,Extreme,100
early_morning,monday,harbour,heavy_monsoon,14,Moderate,46
evening_peak,sunday,western,clear,5,Moderate,53
night,tuesday,western,clear,6,Low,31
late_night,wednesday,harbour,light_rain,3,Low,23
afternoon,friday,central,light_rain,9,Moderate,47
evening_peak,thursday,western,light_rain,14,Extreme,100
afternoon,sunday,western,clear,2,Minimal,10
mid_morning,saturday,harbour,light_rain,5,Moderate,44
late_night,sunday,central,heavy_monsoon,15,Minimal,14
afternoon,thursday,central,clear,5,Low,32
mid_morning,thursday,harbour,light_rain,7,Moderate,47
early_morning,saturday,central,heavy_monsoon,12,Low,22
afternoon,saturday,harbour,heavy_monsoon,9,Minimal,15
late_night,monday,harbour,light_rain,4,Low,21
evening_peak,thursday,harbour,heavy_monsoon,25,Extreme,100
mid_morning,friday,western,clear,7,Moderate,43
evening_peak,friday,western,clear,14,Extreme,100
late_night,tuesday,western,heavy_monsoon,15,Minimal,14
morning_peak,sunday,harbour,clear,5,Moderate,46
mid_morning,saturday,western,light_rain,5,Low,22
afternoon,monday,western,heavy_monsoon,14,Moderate,53
mid_morning,friday,western,clear,6,Moderate,43
evening_peak,wednesday,harbour,light_rain,13,Extreme,100
early_morning,monday,harbour,light_rain,9,Low,29
mid_morning,monday,harbour,clear,6,Moderate,51
afternoon,friday,western,heavy_monsoon,17,Moderate,48
morning_peak,wednesday,central,light_rain,18,Extreme,100
night,tuesday,western,light_rain,5,Moderate,42
early_morning,friday,western,light_rain,3,Low,27
morning_peak,wednesday,harbour,light_rain,14,Extreme,100
mid_morning,monday,harbour,heavy_monsoon,18,Moderate,57
evening_peak,wednesday,western,clear,10,Extreme,100
late_night,monday,western,clear,6,Minimal,9
evening_peak,sunday,central,clear,10,Moderate,45
afternoon,friday,central,light_rain,7,Low,34
evening_peak,saturday,harbour,heavy_monsoon,16,High,65
early_morning,friday,central,clear,10,Minimal,12
evening_peak,sunday,central,heavy_monsoon,21,Moderate,54
afternoon,thursday,harbour,clear,5,Low,25
night,thursday,central,light_rain,8,Low,29
mid_morning,thursday,western,clear,6,Low,31
late_night,friday,central,light_rain,5,Minimal,15
mid_morning,tuesday,harbour,light_rain,7,Moderate,57
evening_peak,friday,western,clear,13,Extreme,100
morning_peak,sunday,central,heavy_monsoon,21,Moderate,46
mid_morning,sunday,western,light_rain,10,Minimal,12
night,saturday,western,heavy_monsoon,16,Low,28
evening_peak,wednesday,central,clear,13,Extreme,100
late_night,friday,central,light_rain,4,Minimal,13
afternoon,friday,harbour,heavy_monsoon,16,Moderate,49
night,monday,harbour,light_rain,4,Low,29
evening_peak,sunday,western,clear,6,Moderate,49
night,monday,harbour,light_rain,6,Low,21
mid_morning,monday,western,clear,3,Low,32
late_night,friday,western,heavy_monsoon,15,Low,20
afternoon,tuesday,harbour,light_rain,9,Moderate,42
evening_peak,wednesday,harbour,heavy_monsoon,22,Extreme,100
early_morning,wednesday,harbour,clear,0,Low,22
afternoon,sunday,central,clear,2,Minimal,6
early_morning,saturday,western,heavy_monsoon,12,Low,22
night,sunday,western,heavy_monsoon,9,Low,23
morning_peak,tuesday,western,clear,13,Extreme,100
afternoon,tuesday,harbour,heavy_monsoon,18,Moderate,47
night,wednesday,harbour,clear,5,Minimal,12
early_morning,thursday,harbour,heavy_monsoon,16,Low,31
mid_morning,monday,harbour,clear,7,Low,33
mid_morning,monday,harbour,clear,2,Moderate,45
morning_peak,wednesday,central,light_rain,21,Extreme,100
afternoon,sunday,harbour,clear,2,Minimal,7
afternoon,tuesday,western,clear,7,Low,28
afternoon,sunday,harbour,light_rain,6,Low,21
night,saturday,western,light_rain,9,Minimal,11
late_night,thursday,harbour,heavy_monsoon,13,Low,30
late_night,wednesday,harbour,heavy_monsoon,16,Low,30
morning_peak,monday,western,clear,11,Extreme,100
afternoon,friday,western,heavy_monsoon,14,Moderate,49
night,sunday,western,heavy_monsoon,15,Low,26
mid_morning,tuesday,western,clear,4,Low,30
early_morning,friday,central,light_rain,9,Low,28
night,saturday,western,light_rain,4,Low,22
late_night,wednesday,harbour,clear,3,Minimal,3
late_night,sunday,harbour,clear,1,Minimal,10
mid_morning,monday,central,clear,4,Low,28
mid_morning,sunday,western,clear,4,Low,25
early_morning,thursday,harbour,clear,2,Minimal,13
mid_morning,friday,central,clear,4,Low,34
morning_peak,thursday,harbour,heavy_monsoon,18,Extreme,100
early_morning,saturday,central,heavy_monsoon,17,Minimal,13
mid_morning,monday,central,heavy_monsoon,19,High,63
evening_peak,friday,western,light_rain,14,Extreme,100
night,saturday,central,clear,4,Minimal,10
mid_morning,thursday,harbour,clear,4,Low,30
morning_peak,thursday,harbour,heavy_monsoon,20,Extreme,100
afternoon,friday,western,light_rain,4,Low,23
mid_morning,monday,western,heavy_monsoon,17,High,61
late_night,thursday,central,clear,3,Minimal,3
late_night,wednesday,western,clear,4,Minimal,10
late_night,saturday,harbour,heavy_monsoon,15,Minimal,13
afternoon,friday,harbour,heavy_monsoon,16,Moderate,53
late_night,tuesday,western,clear,4,Minimal,14
evening_peak,tuesday,western,heavy_monsoon,23,Extreme,100
mid_morning,monday,western,clear,5,Moderate,43
late_night,wednesday,central,heavy_monsoon,12,Minimal,14
early_morning,thursday,central,light_rain,12,Low,34
afternoon,tuesday,harbour,clear,6,Low,31
evening_peak,monday,central,light_rain,20,Extreme,100
early_morning,saturday,central,heavy_monsoon,17,Low,20
early_morning,wednesday,central,light_rain,5,Low,24
early_morning,wednesday,central,heavy_monsoon,17,Low,30
early_morning,sunday,harbour,light_rain,3,Low,22
mid_morning,monday,western,light_rain,7,Moderate,57
late_night,monday,harbour,light_rain,6,Low,27
night,sunday,central,clear,7,Minimal,11
mid_morning,thursday,western,light_rain,13,Moderate,51
mid_morning,monday,western,heavy_monsoon,19,Moderate,59
evening_peak,sunday,western,heavy_monsoon,18,High,69
evening_peak,thursday,harbour,clear,12,Extreme,99
late_night,thursday,western,clear,7,Low,21
night,friday,harbour,heavy_monsoon,14,Moderate,45
evening_peak,wednesday,harbour,light_rain,12,Extreme,100
late_night,saturday,central,heavy_monsoon,13,Low,22
late_night,wednesday,central,clear,0,Low,23
morning_peak,wednesday,western,clear,9,Extreme,100
night,friday,western,heavy_monsoon,14,Low,34
evening_peak,thursday,central,light_rain,20,Extreme,100
night,thursday,harbour,light_rain,6,Low,25
mid_morning,monday,harbour,clear,3,Moderate,46
mid_morning,friday,central,heavy_monsoon,17,Moderate,54
night,monday,harbour,heavy_monsoon,13,Low,33
morning_peak,friday,central,clear,11,High,77
morning_peak,monday,central,heavy_monsoon,27,Extreme,100
night,tuesday,western,clear,4,Low,29
evening_peak,sunday,western,light_rain,8,Moderate,46
afternoon,wednesday,central,light_rain,10,Low,25
morning_peak,wednesday,western,heavy_monsoon,23,Extreme,100
early_morning,saturday,central,light_rain,9,Minimal,10
mid_morning,sunday,harbour,light_rain,4,Low,27
night,thursday,harbour,clear,4,Low,21
early_morning,saturday,harbour,clear,2,Minimal,5
night,tuesday,harbour,heavy_monsoon,16,Low,27
late_night,saturday,central,clear,7,Minimal,8
mid_morning,wednesday,harbour,heavy_monsoon,14,Moderate,56
mid_morning,thursday,harbour,heavy_monsoon,14,Moderate,52
morning_peak,tuesday,harbour,clear,9,Extreme,100
morning_peak,wednesday,harbour,light_rain,11,High,80
early_morning,sunday,central,light_rain,4,Minimal,10
late_night,monday,harbour,light_rain,5,Minimal,13
night,friday,western,light_rain,2,Low,23
late_night,tuesday,western,heavy_monsoon,12,Low,29
mid_morning,thursday,western,light_rain,8,Low,30
early_morning,saturday,western,heavy_monsoon,12,Low,28
afternoon,sunday,western,clear,1,Minimal,9
early_morning,saturday,western,clear,1,Minimal,9
evening_peak,tuesday,central,heavy_monsoon,27,Extreme,100
early_morning,sunday,western,light_rain,4,Minimal,15
late_night,thursday,harbour,heavy_monsoon,14,Minimal,15
evening_peak,tuesday,western,light_rain,19,Extreme,100
evening_peak,thursday,central,light_rain,17,Extreme,100
evening_peak,saturday,western,heavy_monsoon,20,High,66
afternoon,wednesday,harbour,heavy_monsoon,16,Moderate,53
early_morning,sunday,harbour,light_rain,5,Minimal,13
late_night,monday,central,heavy_monsoon,15,Low,28
early_morning,wednesday,central,light_rain,7,Low,25
afternoon,monday,central,heavy_monsoon,21,Moderate,52
mid_morning,saturday,central,clear,5,Minimal,11
morning_peak,sunday,western,light_rain,7,Moderate,59
late_night,wednesday,western,clear,3,Minimal,14
late_night,wednesday,harbour,heavy_monsoon,14,Low,27
early_morning,tuesday,central,clear,4,Minimal,15
morning_peak,friday,central,heavy_monsoon,25,Extreme,100
night,saturday,western,light_rain,4,Minimal,15
night,thursday,central,heavy_monsoon,16,Moderate,48
afternoon,saturday,harbour,heavy_monsoon,14,Low,30
night,thursday,harbour,light_rain,6,Low,22
late_night,sunday,central,heavy_monsoon,15,Minimal,15
night,thursday,harbour,light_rain,4,Low,20
mid_morning,monday,harbour,heavy_monsoon,15,High,62
mid_morning,thursday,western,light_rain,12,Moderate,49
mid_morning,thursday,harbour,clear,2,Moderate,45
night,tuesday,central,heavy_monsoon,19,Moderate,53
afternoon,wednesday,central,heavy_monsoon,20,Moderate,51
evening_peak,saturday,harbour,heavy_monsoon,18,High,61
evening_peak,saturday,central,light_rain,13,High,62
morning_peak,sunday,western,heavy_monsoon,13,High,62
evening_peak,sunday,harbour,light_rain,11,Moderate,52
evening_peak,thursday,harbour,heavy_monsoon,17,Extreme,100
mid_morning,friday,harbour,clear,6,Moderate,45
mid_morning,saturday,central,heavy_monsoon,16,Low,27
night,sunday,central,clear,0,Minimal,10
morning_peak,thursday,harbour,light_rain,11,Extreme,100
early_morning,sunday,central,clear,3,Minimal,5
late_night,monday,central,heavy_monsoon,15,Low,25
morning_peak,monday,harbour,heavy_monsoon,17,Extreme,100
morning_peak,sunday,harbour,light_rain,8,Moderate,51
afternoon,monday,central,heavy_monsoon,18,Moderate,50
night,sunday,harbour,heavy_monsoon,14,Low,25
afternoon,thursday,harbour,light_rain,6,Moderate,42
morning_peak,tuesday,harbour,light_rain,11,Extreme,100
morning_peak,friday,harbour,clear,9,High,73
morning_peak,thursday,central,light_rain,17,Extreme,100
evening_peak,tuesday,harbour,heavy_monsoon,20,Extreme,100
late_night,tuesday,western,light_rain,2,Minimal,13
late_night,saturday,harbour,heavy_monsoon,13,Low,24
afternoon,thursday,western,clear,9,Low,20
morning_peak,thursday,harbour,light_rain,10,Extreme,100
late_night,sunday,western,heavy_monsoon,13,Low,21
mid_morning,tuesday,western,light_rain,7,Low,28
late_night,tuesday,harbour,light_rain,7,Low,20
night,tuesday,harbour,light_rain,7,Low,26
night,sunday,harbour,light_rain,5,Minimal,5
late_night,saturday,western,clear,0,Minimal,10
mid_morning,thursday,central,heavy_monsoon,19,High,69
night,tuesday,central,light_rain,6,Moderate,48
evening_peak,monday,harbour,heavy_monsoon,27,Extreme,100
late_night,thursday,central,clear,2,Minimal,15
evening_peak,sunday,central,heavy_monsoon,19,High,63
late_night,saturday,harbour,heavy_monsoon,11,Minimal,12
early_morning,monday,western,clear,3,Minimal,14
early_morning,sunday,harbour,light_rain,0,Low,22
early_morning,wednesday,central,heavy_monsoon,19,Low,34
night,thursday,western,heavy_monsoon,16,Low,30
evening_peak,wednesday,central,light_rain,18,Extreme,100
evening_peak,sunday,western,light_rain,11,Moderate,59
evening_peak,sunday,central,heavy_monsoon,21,High,71
mid_morning,sunday,harbour,clear,4,Low,22
evening_peak,tuesday,central,light_rain,18,Extreme,100
mid_morning,saturday,central,light_rain,6,Minimal,15
early_morning,tuesday,western,clear,2,Minimal,10
early_morning,saturday,central,heavy_monsoon,15,Low,22
night,friday,harbour,light_rain,8,Minimal,12
late_night,tuesday,harbour,heavy_monsoon,14,Low,24
early_morning,wednesday,harbour,heavy_monsoon,14,Low,26
late_night,saturday,western,heavy_monsoon,13,Minimal,12
late_night,tuesday,western,clear,5,Minimal,12
night,thursday,central,heavy_monsoon,19,Low,26
morning_peak,sunday,central,heavy_monsoon,21,High,65
morning_peak,saturday,central,light_rain,10,Moderate,51
afternoon,saturday,western,light_rain,4,Minimal,15
night,tuesday,western,clear,5,Minimal,15
afternoon,friday,central,clear,6,Moderate,50
afternoon,tuesday,western,light_rain,6,Moderate,43
morning_peak,wednesday,western,light_rain,12,High,82
night,wednesday,harbour,clear,4,Low,20
morning_peak,saturday,harbour,heavy_monsoon,20,High,64
afternoon,saturday,central,clear,2,Minimal,9
night,tuesday,central,heavy_monsoon,18,Low,29
afternoon,wednesday,harbour,light_rain,4,Low,25
evening_peak,wednesday,western,light_rain,17,Extreme,100
late_night,friday,central,light_rain,6,Minimal,9
night,thursday,central,heavy_monsoon,13,Moderate,46
night,friday,central,clear,4,Minimal,15
late_night,monday,western,heavy_monsoon,13,Low,23
afternoon,sunday,harbour,clear,6,Minimal,13
evening_peak,friday,central,clear,16,Extreme,100
mid_morning,tuesday,harbour,clear,6,Low,29
late_night,thursday,harbour,light_rain,6,Low,20
morning_peak,tuesday,western,clear,13,High,73
afternoon,sunday,western,light_rain,8,Low,22
late_night,monday,western,clear,1,Minimal,1
late_night,thursday,western,clear,1,Minimal,11
night,saturday,western,light_rain,2,Minimal,10
morning_peak,wednesday,western,light_rain,12,Extreme,100
morning_peak,friday,central,heavy_monsoon,24,Extreme,100
morning_peak,tuesday,harbour,clear,10,High,79
late_night,monday,western,light_rain,3,Minimal,8
mid_morning,wednesday,central,heavy_monsoon,19,High,68
early_morning,friday,harbour,heavy_monsoon,17,Low,32
afternoon,wednesday,western,light_rain,7,Moderate,44
early_morning,friday,western,clear,4,Low,21
late_night,saturday,central,heavy_monsoon,14,Low,21
early_morning,thursday,harbour,clear,0,Minimal,15
late_night,wednesday,western,clear,3,Minimal,8
early_morning,wednesday,harbour,heavy_monsoon,12,Low,32
morning_peak,wednesday,central,light_rain,26,Extreme,100
evening_peak,thursday,western,clear,12,Extreme,100
morning_peak,monday,harbour,light_rain,15,Extreme,100
morning_peak,friday,central,heavy_monsoon,28,Extreme,100
night,saturday,central,clear,1,Minimal,12
night,wednesday,western,light_rain,6,Low,24
early_morning,sunday,harbour,light_rain,8,Minimal,14
late_night,thursday,western,clear,0,Minimal,9
morning_peak,monday,western,light_rain,13,Extreme,100
early_morning,friday,harbour,light_rain,6,Low,25
night,thursday,harbour,heavy_monsoon,18,Moderate,49
evening_peak,saturday,harbour,heavy_monsoon,15,High,64
afternoon,saturday,central,light_rain,2,Minimal,12
early_morning,friday,central,light_rain,3,Minimal,13
evening_peak,wednesday,harbour,clear,12,Extreme,100
afternoon,saturday,central,heavy_monsoon,16,Low,34
mid_morning,monday,western,clear,7,Moderate,42
early_morning,thursday,harbour,light_rain,4,Low,32
early_morning,monday,western,clear,6,Minimal,14
mid_morning,wednesday,harbour,light_rain,9,Low,26
mid_morning,monday,western,heavy_monsoon,19,Moderate,54
early_morning,monday,harbour,heavy_monsoon,20,Moderate,45
mid_morning,tuesday,western,light_rain,5,Moderate,44
morning_peak,monday,harbour,heavy_monsoon,21,Extreme,100
afternoon,friday,harbour,light_rain,6,Moderate,47
afternoon,thursday,central,clear,5,Low,28
afternoon,tuesday,western,light_rain,11,Moderate,50
morning_peak,thursday,central,clear,16,High,83
late_night,thursday,western,light_rain,4,Minimal,14
mid_morning,wednesday,central,heavy_monsoon,19,Moderate,57
evening_peak,wednesday,harbour,light_rain,13,Extreme,100
mid_morning,tuesday,central,light_rain,11,Moderate,46
early_morning,saturday,central,light_rain,3,Minimal,15
night,sunday,harbour,heavy_monsoon,14,Low,26
afternoon,wednesday,central,light_rain,10,Low,24
mid_morning,sunday,harbour,heavy_monsoon,18,Low,28
evening_peak,wednesday,western,light_rain,18,Extreme,100
early_morning,wednesday,central,clear,2,Minimal,12
morning_peak,thursday,harbour,light_rain,10,Extreme,100
late_night,tuesday,harbour,clear,0,Minimal,7
morning_peak,thursday,central,heavy_monsoon,28,Extreme,100
evening_peak,friday,western,heavy_monsoon,23,Extreme,100
early_morning,thursday,central,light_rain,8,Minimal,15
afternoon,sunday,harbour,heavy_monsoon,12,Low,26
mid_morning,sunday,western,light_rain,5,Low,20
early_morning,friday,central,heavy_monsoon,15,Low,29
late_night,monday,harbour,clear,0,Minimal,7
morning_peak,monday,central,heavy_monsoon,26,Extreme,100
late_night,friday,western,clear,3,Minimal,8
late_night,friday,western,light_rain,4,Low,24
evening_peak,thursday,western,light_rain,17,Extreme,100
evening_peak,friday,western,light_rain,12,Extreme,100
mid_morning,tuesday,western,clear,4,Low,30
evening_peak,monday,central,light_rain,18,Extreme,100
evening_peak,monday,western,light_rain,17,Extreme,100
early_morning,saturday,western,clear,2,Minimal,6
afternoon,friday,harbour,heavy_monsoon,15,Moderate,56
mid_morning,wednesday,western,light_rain,9,Low,31
early_morning,wednesday,harbour,heavy_monsoon,15,Moderate,49
afternoon,friday,harbour,heavy_monsoon,14,Moderate,59
late_night,tuesday,harbour,light_rain,6,Low,23
early_morning,wednesday,central,light_rain,9,Low,25
night,saturday,central,clear,1,Minimal,10
early_morning,sunday,harbour,clear,2,Minimal,12
evening_peak,friday,central,light_rain,14,Extreme,100
afternoon,tuesday,western,heavy_monsoon,17,Moderate,52
mid_morning,tuesday,central,clear,5,Moderate,45
mid_morning,thursday,western,clear,7,Low,34
afternoon,tuesday,western,light_rain,11,Moderate,50
evening_peak,wednesday,central,light_rain,19,Extreme,100
morning_peak,sunday,central,light_rain,7,Moderate,58
early_morning,wednesday,harbour,light_rain,8,Minimal,15
evening_peak,friday,central,clear,17,High,82
night,sunday,central,clear,1,Minimal,7
late_night,friday,central,clear,0,Minimal,9
afternoon,tuesday,western,heavy_monsoon,16,Moderate,53
early_morning,saturday,western,clear,0,Minimal,10
mid_morning,monday,western,clear,4,Low,29
late_night,sunday,harbour,light_rain,3,Minimal,12
morning_peak,thursday,harbour,clear,8,Extreme,100
night,monday,harbour,clear,3,Moderate,46
mid_morning,tuesday,western,clear,5,Low,34
afternoon,tuesday,central,light_rain,11,Low,33
early_morning,monday,harbour,clear,3,Minimal,8
afternoon,thursday,harbour,clear,3,Low,25
late_night,sunday,western,heavy_monsoon,12,Low,20
early_morning,sunday,harbour,heavy_monsoon,13,Low,26
evening_peak,monday,central,heavy_monsoon,30,Extreme,100
morning_peak,friday,western,heavy_monsoon,24,Extreme,100
evening_peak,wednesday,western,light_rain,16,Extreme,100
evening_peak,saturday,central,heavy_monsoon,19,High,69
afternoon,friday,central,clear,5,Low,26
late_night,sunday,central,heavy_monsoon,16,Minimal,15
morning_peak,wednesday,harbour,light_rain,13,High,80
early_morning,saturday,central,heavy_monsoon,13,Low,26
early_morning,saturday,western,heavy_monsoon,14,Low,22
night,saturday,central,light_rain,7,Minimal,10
mid_morning,tuesday,western,light_rain,11,Moderate,47
night,saturday,western,light_rain,3,Minimal,10
night,thursday,harbour,light_rain,6,Low,25
early_morning,monday,central,light_rain,8,Low,24
afternoon,sunday,harbour,light_rain,4,Low,22
evening_peak,thursday,central,clear,15,Extreme,100
late_night,monday,central,heavy_monsoon,15,Low,26
evening_peak,friday,central,heavy_monsoon,27,Extreme,100
evening_peak,friday,central,light_rain,20,Extreme,100
morning_peak,monday,central,light_rain,15,Extreme,100
early_morning,thursday,western,clear,6,Low,24
late_night,monday,western,clear,0,Minimal,10
afternoon,saturday,central,light_rain,7,Low,25
morning_peak,tuesday,western,clear,12,Extreme,100
mid_morning,sunday,harbour,clear,4,Low,24
afternoon,friday,harbour,light_rain,6,Low,34
night,sunday,harbour,light_rain,3,Minimal,12
afternoon,tuesday,central,light_rain,8,Low,33
afternoon,saturday,central,light_rain,6,Low,24
evening_peak,saturday,western,heavy_monsoon,19,Moderate,57
afternoon,friday,western,heavy_monsoon,18,Moderate,46
night,friday,western,light_rain,4,Low,22
night,saturday,harbour,clear,2,Minimal,14
early_morning,wednesday,harbour,light_rain,5,Low,29
afternoon,sunday,harbour,heavy_monsoon,14,Minimal,13
evening_peak,tuesday,harbour,clear,11,Extreme,100
afternoon,sunday,western,heavy_monsoon,13,Low,31
mid_morning,tuesday,central,light_rain,10,Moderate,48
mid_morning,wednesday,central,heavy_monsoon,19,Moderate,52
evening_peak,thursday,harbour,heavy_monsoon,25,Extreme,100
early_morning,tuesday,central,heavy_monsoon,16,Low,31
early_morning,sunday,central,clear,0,Minimal,5
night,monday,central,heavy_monsoon,14,Low,28
night,saturday,harbour,clear,0,Minimal,7
morning_peak,saturday,western,light_rain,9,Moderate,43
evening_peak,wednesday,western,light_rain,17,Extreme,100
afternoon,tuesday,central,heavy_monsoon,17,High,63
late_night,thursday,western,clear,2,Minimal,13
evening_peak,tuesday,western,light_rain,16,Extreme,100
morning_peak,saturday,harbour,clear,7,Moderate,44
night,friday,harbour,clear,2,Minimal,12
evening_peak,monday,central,heavy_monsoon,28,Extreme,100
evening_peak,wednesday,central,heavy_monsoon,27,Extreme,100
night,friday,central,clear,5,Low,28
morning_peak,sunday,harbour,clear,4,Low,32
night,thursday,western,heavy_monsoon,14,Moderate,42
early_morning,friday,harbour,clear,1,Minimal,8
afternoon,sunday,harbour,heavy_monsoon,10,Low,33
night,friday,western,clear,4,Low,24
morning_peak,thursday,western,heavy_monsoon,24,Extreme,100
mid_morning,friday,central,clear,9,Low,27
early_morning,wednesday,western,heavy_monsoon,11,Low,30
mid_morning,saturday,western,clear,3,Minimal,11
late_night,tuesday,western,light_rain,2,Low,20
night,friday,western,light_rain,6,Low,31
early_morning,wednesday,central,clear,7,Minimal,9
afternoon,tuesday,central,light_rain,9,Moderate,42
night,sunday,western,clear,3,Minimal,7
afternoon,tuesday,western,clear,5,Low,32
evening_peak,sunday,central,light_rain,12,High,65
mid_morning,friday,central,clear,5,Moderate,44
early_morning,wednesday,western,heavy_monsoon,15,Low,30
afternoon,saturday,harbour,clear,3,Minimal,13
morning_peak,friday,central,clear,12,Extreme,100
afternoon,sunday,central,light_rain,7,Low,28
morning_peak,thursday,central,heavy_monsoon,28,Extreme,100
night,tuesday,western,clear,3,Low,27
early_morning,friday,western,clear,2,Minimal,11
afternoon,sunday,central,clear,4,Minimal,6
late_night,tuesday,western,clear,3,Minimal,12
afternoon,sunday,western,clear,2,Low,22
late_night,wednesday,central,clear,5,Minimal,7
early_morning,monday,western,heavy_monsoon,16,Moderate,44
afternoon,friday,harbour,heavy_monsoon,16,Moderate,47
morning_peak,saturday,western,clear,4,Moderate,42
afternoon,friday,western,clear,3,Low,33
mid_morning,tuesday,central,light_rain,10,Moderate,52
night,wednesday,central,heavy_monsoon,19,Moderate,43
evening_peak,sunday,harbour,heavy_monsoon,19,High,63
morning_peak,thursday,western,clear,12,Extreme,100
mid_morning,saturday,harbour,heavy_monsoon,13,Low,30
late_night,wednesday,harbour,heavy_monsoon,16,Low,23
night,friday,central,light_rain,4,Low,26
early_morning,thursday,western,light_rain,5,Low,26
morning_peak,wednesday,central,heavy_monsoon,28,Extreme,100
evening_peak,monday,harbour,heavy_monsoon,21,Extreme,100
night,saturday,harbour,heavy_monsoon,13,Minimal,14
late_night,tuesday,central,clear,2,Low,26
evening_peak,wednesday,central,light_rain,17,Extreme,100
early_morning,wednesday,central,clear,7,Low,21
early_morning,monday,central,light_rain,7,Low,22
late_night,friday,central,light_rain,6,Minimal,14
morning_peak,sunday,harbour,light_rain,10,Moderate,57
late_night,sunday,central,heavy_monsoon,15,Minimal,12
afternoon,saturday,western,light_rain,6,Minimal,14
early_morning,saturday,harbour,clear,4,Minimal,5
night,tuesday,harbour,light_rain,5,Low,22
afternoon,wednesday,western,clear,4,Low,26
mid_morning,thursday,western,light_rain,8,Moderate,43
evening_peak,wednesday,harbour,light_rain,15,Extreme,100
afternoon,sunday,central,heavy_monsoon,14,Low,32
evening_peak,tuesday,harbour,clear,14,Extreme,100
late_night,wednesday,harbour,light_rain,4,Minimal,11
afternoon,monday,western,light_rain,9,Moderate,46
late_night,sunday,harbour,clear,1,Minimal,3
mid_morning,wednesday,central,light_rain,11,Moderate,53
early_morning,wednesday,western,heavy_monsoon,18,Low,29
mid_morning,sunday,harbour,clear,4,Minimal,15
early_morning,thursday,harbour,heavy_monsoon,11,Moderate,47
late_night,sunday,central,clear,2,Minimal,8
early_morning,monday,harbour,clear,4,Low,22
evening_peak,monday,harbour,clear,7,Extreme,100
night,wednesday,harbour,light_rain,7,Minimal,15
mid_morning,saturday,harbour,clear,6,Minimal,13
afternoon,thursday,central,clear,8,Low,27
mid_morning,wednesday,harbour,clear,3,Moderate,42
evening_peak,sunday,harbour,heavy_monsoon,21,High,77
early_morning,wednesday,harbour,clear,1,Low,25
evening_peak,tuesday,western,light_rain,16,Extreme,100
morning_peak,tuesday,central,clear,17,Extreme,100
morning_peak,saturday,western,clear,6,Moderate,49
afternoon,thursday,western,heavy_monsoon,18,Moderate,43
evening_peak,friday,central,light_rain,19,Extreme,100
late_night,tuesday,western,light_rain,4,Low,23
afternoon,friday,western,light_rain,8,Low,31
late_night,monday,western,clear,0,Minimal,7
afternoon,tuesday,central,clear,6,Moderate,45
morning_peak,tuesday,harbour,light_rain,9,Extreme,100
afternoon,thursday,central,light_rain,10,Moderate,48
morning_peak,saturday,central,heavy_monsoon,20,High,63
early_morning,friday,central,light_rain,9,Low,20
late_night,sunday,western,clear,3,Minimal,0
evening_peak,tuesday,harbour,clear,9,Extreme,100
afternoon,tuesday,central,clear,4,Low,34
morning_peak,thursday,central,heavy_monsoon,28,Extreme,100
mid_morning,thursday,harbour,light_rain,8,Low,34
late_night,saturday,harbour,clear,0,Minimal,9
afternoon,friday,harbour,heavy_monsoon,17,Moderate,57
night,monday,western,heavy_monsoon,16,Low,34
early_morning,sunday,harbour,clear,0,Minimal,11
early_morning,saturday,western,heavy_monsoon,13,Minimal,13
mid_morning,monday,central,heavy_monsoon,21,High,66
morning_peak,wednesday,western,clear,13,Extreme,100
afternoon,tuesday,harbour,heavy_monsoon,17,Low,28
late_night,friday,western,clear,6,Minimal,7
morning_peak,saturday,harbour,clear,3,Moderate,43
early_morning,tuesday,western,heavy_monsoon,14,Moderate,47
morning_peak,friday,central,clear,15,High,81
early_morning,friday,western,clear,2,Low,31
morning_peak,friday,central,light_rain,18,Extreme,100
mid_morning,tuesday,harbour,clear,1,Low,27
evening_peak,saturday,central,light_rain,9,Moderate,56
mid_morning,sunday,harbour,light_rain,8,Low,27
mid_morning,thursday,harbour,light_rain,10,Moderate,52
evening_peak,tuesday,central,light_rain,16,Extreme,100
evening_peak,friday,central,heavy_monsoon,29,Extreme,100
afternoon,saturday,western,heavy_monsoon,14,Low,27
late_night,sunday,western,clear,0,Minimal,0
late_night,wednesday,central,clear,8,Minimal,5
afternoon,monday,central,clear,2,Low,25
mid_morning,friday,central,heavy_monsoon,20,High,61
mid_morning,wednesday,central,light_rain,8,Moderate,49
early_morning,thursday,harbour,heavy_monsoon,13,Low,32
early_morning,sunday,central,heavy_monsoon,14,Minimal,15
late_night,sunday,central,clear,0,Minimal,0
afternoon,friday,central,clear,5,Low,28
night,sunday,central,clear,0,Minimal,8
night,wednesday,harbour,light_rain,5,Minimal,14
afternoon,friday,western,light_rain,6,Low,30
early_morning,tuesday,western,heavy_monsoon,15,Moderate,45
late_night,saturday,western,light_rain,4,Minimal,14
late_night,wednesday,western,clear,2,Minimal,11
early_morning,saturday,western,light_rain,5,Low,27
night,tuesday,harbour,light_rain,5,Low,31
morning_peak,tuesday,western,light_rain,15,Extreme,100
morning_peak,saturday,harbour,light_rain,9,Moderate,54
early_morning,wednesday,harbour,clear,0,Minimal,11
morning_peak,saturday,western,clear,5,Moderate,44
evening_peak,saturday,western,heavy_monsoon,19,High,61
afternoon,monday,western,heavy_monsoon,13,Moderate,56
afternoon,wednesday,central,heavy_monsoon,19,Moderate,50
early_morning,monday,harbour,light_rain,8,Low,20
mid_morning,friday,western,light_rain,8,Moderate,49
night,sunday,central,clear,2,Minimal,6
early_morning,saturday,harbour,heavy_monsoon,15,Low,24
morning_peak,friday,central,clear,16,High,80
night,wednesday,central,heavy_monsoon,18,Low,32
mid_morning,saturday,western,heavy_monsoon,16,Moderate,49
morning_peak,sunday,harbour,heavy_monsoon,18,High,63
late_night,friday,central,light_rain,8,Minimal,12
evening_peak,thursday,harbour,heavy_monsoon,22,Extreme,100
morning_peak,tuesday,western,heavy_monsoon,23,Extreme,100
evening_peak,saturday,harbour,light_rain,9,High,64
night,sunday,central,heavy_monsoon,14,Low,30
evening_peak,tuesday,central,light_rain,19,Extreme,100
night,monday,harbour,light_rain,6,Low,29
night,friday,central,clear,4,Minimal,12
night,monday,central,light_rain,7,Low,28
night,sunday,central,light_rain,9,Minimal,4
night,saturday,western,light_rain,8,Low,22
morning_peak,tuesday,western,heavy_monsoon,25,Extreme,100
night,tuesday,central,clear,3,Low,32
morning_peak,friday,harbour,heavy_monsoon,23,Extreme,100
night,saturday,western,light_rain,6,Minimal,13
evening_peak,thursday,harbour,light_rain,14,Extreme,100
late_night,thursday,central,clear,3,Minimal,12
night,friday,central,clear,9,Minimal,14
mid_morning,saturday,harbour,light_rain,6,Low,30
night,friday,western,light_rain,8,Low,31
night,saturday,harbour,heavy_monsoon,19,Low,30
evening_peak,sunday,harbour,light_rain,7,Moderate,51
afternoon,sunday,central,heavy_monsoon,15,Low,26
evening_peak,monday,western,clear,13,Extreme,100
mid_morning,friday,harbour,heavy_monsoon,17,Moderate,43
afternoon,saturday,western,light_rain,4,Low,24
early_morning,thursday,central,heavy_monsoon,19,Low,29
early_morning,saturday,western,heavy_monsoon,13,Low,22
mid_morning,sunday,central,clear,7,Minimal,15
evening_peak,saturday,western,heavy_monsoon,14,High,76
morning_peak,friday,harbour,light_rain,13,Extreme,98
mid_morning,monday,central,heavy_monsoon,18,Moderate,53
late_night,monday,harbour,heavy_monsoon,13,Low,32
afternoon,monday,central,heavy_monsoon,14,Moderate,48
afternoon,monday,western,light_rain,8,Low,33
night,sunday,western,heavy_monsoon,12,Low,30
early_morning,wednesday,central,light_rain,7,Low,23
afternoon,friday,central,heavy_monsoon,19,Moderate,48
mid_morning,tuesday,central,clear,6,Low,31
afternoon,friday,western,clear,9,Low,33
mid_morning,wednesday,central,clear,6,Moderate,50
morning_peak,monday,central,light_rain,18,Extreme,100
night,wednesday,harbour,light_rain,4,Low,23
early_morning,thursday,central,light_rain,9,Low,28
afternoon,thursday,harbour,heavy_monsoon,13,Moderate,47
mid_morning,sunday,harbour,light_rain,7,Low,29
evening_peak,friday,harbour,light_rain,13,Extreme,100
early_morning,friday,western,light_rain,7,Low,23
morning_peak,tuesday,harbour,light_rain,12,Extreme,100
mid_morning,sunday,central,clear,2,Low,20
late_night,tuesday,western,heavy_monsoon,14,Low,24
late_night,thursday,western,clear,2,Minimal,15
night,monday,western,heavy_monsoon,17,Low,32
night,wednesday,western,heavy_monsoon,17,Low,32
morning_peak,tuesday,western,clear,8,High,71
morning_peak,saturday,western,light_rain,10,Moderate,50
night,tuesday,western,clear,6,Low,24
afternoon,monday,harbour,heavy_monsoon,16,Moderate,47
afternoon,monday,central,heavy_monsoon,19,Moderate,59
mid_morning,friday,central,light_rain,6,Moderate,48
evening_peak,wednesday,harbour,clear,12,Extreme,100
mid_morning,monday,harbour,heavy_monsoon,17,Moderate,53
evening_peak,sunday,western,clear,6,Low,33
morning_peak,tuesday,western,light_rain,16,Extreme,100
early_morning,tuesday,harbour,light_rain,2,Low,26
mid_morning,thursday,western,heavy_monsoon,18,Moderate,53
mid_morning,monday,central,light_rain,14,Moderate,51
evening_peak,saturday,central,heavy_monsoon,23,High,64
morning_peak,friday,western,heavy_monsoon,20,Extreme,100
morning_peak,wednesday,western,light_rain,12,Extreme,100
late_night,saturday,western,light_rain,3,Minimal,13
evening_peak,friday,central,clear,13,Extreme,100
morning_peak,tuesday,western,clear,10,Extreme,100
night,saturday,harbour,heavy_monsoon,11,Low,20
afternoon,friday,western,clear,4,Low,22
late_night,tuesday,harbour,heavy_monsoon,10,Low,25
night,tuesday,western,light_rain,4,Low,33
early_morning,tuesday,western,light_rain,9,Low,21
mid_morning,tuesday,central,clear,8,Moderate,43
late_night,sunday,harbour,heavy_monsoon,15,Minimal,13
early_morning,tuesday,harbour,heavy_monsoon,15,Low,33
mid_morning,thursday,harbour,clear,5,Low,32
afternoon,saturday,central,heavy_monsoon,18,Low,26
morning_peak,friday,harbour,heavy_monsoon,20,Extreme,100
night,thursday,central,light_rain,6,Low,26
evening_peak,sunday,western,heavy_monsoon,20,High,70
night,thursday,western,heavy_monsoon,16,Moderate,50
afternoon,monday,harbour,heavy_monsoon,16,Low,32
early_morning,monday,western,clear,1,Low,23
evening_peak,monday,western,clear,12,Extreme,100
morning_peak,wednesday,harbour,clear,7,High,83
afternoon,monday,western,heavy_monsoon,16,Moderate,53
evening_peak,friday,harbour,heavy_monsoon,21,Extreme,100
afternoon,thursday,harbour,clear,2,Low,30
afternoon,friday,western,clear,1,Low,32
morning_peak,saturday,western,heavy_monsoon,15,High,64
late_night,monday,western,heavy_monsoon,10,Low,20
mid_morning,sunday,western,light_rain,8,Low,32
evening_peak,wednesday,western,clear,7,Extreme,100
morning_peak,saturday,central,heavy_monsoon,23,High,62
afternoon,sunday,western,clear,0,Low,23
morning_peak,wednesday,central,clear,15,Extreme,100
late_night,saturday,harbour,clear,0,Minimal,13
mid_morning,thursday,western,light_rain,9,Moderate,47
night,friday,western,heavy_monsoon,19,Low,30
evening_peak,tuesday,western,heavy_monsoon,22,Extreme,100
mid_morning,friday,harbour,clear,4,Moderate,43
early_morning,monday,central,heavy_monsoon,17,Low,25
evening_peak,sunday,central,light_rain,12,Moderate,52
mid_morning,tuesday,western,clear,6,Moderate,50
afternoon,wednesday,western,light_rain,9,Moderate,44
evening_peak,thursday,western,light_rain,14,Extreme,100
evening_peak,thursday,western,heavy_monsoon,26,Extreme,100
morning_peak,wednesday,harbour,heavy_monsoon,23,Extreme,100
afternoon,monday,western,light_rain,5,Moderate,42
early_morning,wednesday,harbour,heavy_monsoon,12,Low,21
night,saturday,western,light_rain,4,Low,22
late_night,sunday,central,light_rain,7,Minimal,7
mid_morning,sunday,central,clear,3,Low,26
morning_peak,monday,western,light_rain,16,Extreme,100
mid_morning,tuesday,western,light_rain,9,Moderate,53
early_morning,wednesday,harbour,heavy_monsoon,14,Moderate,47
early_morning,monday,western,clear,3,Minimal,15
evening_peak,sunday,western,heavy_monsoon,15,High,71
late_night,tuesday,western,clear,0,Minimal,0
early_morning,wednesday,central,heavy_monsoon,16,Low,30
mid_morning,thursday,harbour,light_rain,8,Moderate,52
afternoon,wednesday,central,clear,4,Moderate,51
afternoon,friday,harbour,clear,3,Low,20
evening_peak,wednesday,central,clear,19,Extreme,100
night,friday,western,clear,4,Low,20
mid_morning,tuesday,central,heavy_monsoon,19,Moderate,44
mid_morning,wednesday,central,heavy_monsoon,19,High,72
early_morning,tuesday,harbour,clear,0,Low,20
